Date,Open,High,Low,Adj Close,Volume
2020-01-02,7875.0,7875.0,7775.0,7353.52783203125,9301300
2020-01-03,7800.0,7875.0,7650.0,7377.1728515625,16125700
2020-01-06,7750.0,7750.0,7600.0,7211.6591796875,13124600
2020-01-07,7675.0,7700.0,7525.0,7140.72509765625,19024900
2020-01-08,7500.0,7525.0,7400.0,7022.50048828125,20463400
2020-01-09,7500.0,7700.0,7500.0,7282.59375,21885300
2020-01-10,7700.0,7825.0,7675.0,7306.23828125,20992500
2020-01-13,7750.0,7800.0,7700.0,7353.52783203125,12358300
2020-01-14,7825.0,7850.0,7725.0,7424.46240234375,20143400
2020-01-15,7800.0,7875.0,7650.0,7258.94873046875,17684900
2020-01-16,7675.0,7775.0,7625.0,7282.59375,19013700
2020-01-17,7700.0,7775.0,7675.0,7353.52783203125,16815000
2020-01-20,7725.0,7800.0,7525.0,7140.72509765625,17592300
2020-01-21,7575.0,7650.0,7500.0,7164.369140625,16451800
2020-01-22,7625.0,7700.0,7575.0,7211.6591796875,22245200
2020-01-23,7625.0,7725.0,7550.0,7235.30419921875,22077700
2020-01-24,7600.0,7775.0,7600.0,7282.59375,17851000
2020-01-27,7700.0,7700.0,7450.0,7046.14599609375,14189800
2020-01-28,7400.0,7475.0,7300.0,7069.79052734375,21492500
2020-01-29,7475.0,7525.0,7350.0,6951.56640625,16751900
2020-01-30,7350.0,7425.0,7250.0,6856.9873046875,13452000
2020-01-31,7300.0,7300.0,7100.0,6809.69775390625,27097500
2020-02-03,7100.0,7300.0,7075.0,6738.76416015625,20150200
2020-02-04,7225.0,7375.0,7175.0,6951.56640625,19660000
2020-02-05,7350.0,7425.0,7250.0,7022.50048828125,16080700
2020-02-06,7500.0,7525.0,7350.0,6951.56640625,16798500
2020-02-07,7400.0,7400.0,7350.0,6951.56640625,19617100
2020-02-10,7325.0,7325.0,7225.0,6927.92138671875,12079300
2020-02-11,7300.0,7375.0,7275.0,6904.27734375,8656900
2020-02-12,7300.0,7375.0,7275.0,6880.6318359375,11259100
2020-02-13,7275.0,7425.0,7275.0,6998.8564453125,20515700
2020-02-14,7375.0,7600.0,7325.0,7117.080078125,25732900
2020-02-17,7600.0,7650.0,7525.0,7211.6591796875,14490000
2020-02-18,7650.0,7750.0,7600.0,7282.59375,23322900
2020-02-19,7675.0,7825.0,7625.0,7353.52783203125,25852300
2020-02-20,7800.0,7950.0,7800.0,7495.396484375,35928100
2020-02-21,7875.0,7875.0,7725.0,7353.52783203125,47223000
2020-02-24,7600.0,7700.0,7475.0,7164.369140625,29756400
2020-02-25,7500.0,7625.0,7475.0,7093.43505859375,16988100
2020-02-26,7400.0,7425.0,7300.0,6904.27734375,36227700
2020-02-27,7250.0,7300.0,6925.0,6691.47412109375,29663200
2020-02-28,6800.0,7025.0,6675.0,6644.1845703125,52147500
2020-03-02,6950.0,6975.0,6550.0,6577.185546875,41380000
2020-03-03,6850.0,6950.0,6700.0,6625.90576171875,41705800
2020-03-04,6800.0,7000.0,6725.0,6772.0654296875,38848200
2020-03-05,7000.0,7050.0,6750.0,6650.265625,39130600
2020-03-06,6700.0,6700.0,6400.0,6236.146484375,42861300
2020-03-09,6025.0,6125.0,5600.0,5505.34814453125,68061300
2020-03-10,5700.0,5925.0,5600.0,5529.7080078125,82270300
2020-03-11,5675.0,5725.0,5275.0,5383.54833984375,53293800
2020-03-12,5200.0,5375.0,5000.0,4896.349609375,67685900
2020-03-13,5025.0,5025.0,5025.0,4896.349609375,0
2020-03-16,5100.0,5250.0,4840.0,4716.0859375,49165000
2020-03-17,4830.0,4840.0,4510.0,4394.53466796875,68571000
2020-03-18,4590.0,4590.0,4200.0,4092.470947265625,72267200
2020-03-19,3920.0,3950.0,3910.0,3809.89599609375,10953100
2020-03-20,3800.0,3800.0,3640.0,3546.808349609375,175719600
2020-03-23,3530.0,3530.0,3390.0,3303.208984375,10574300
2020-03-24,3310.0,3430.0,3160.0,3079.09716796875,132089300
2020-03-26,3160.0,3690.0,2970.0,3498.08837890625,190756900
2020-03-27,3670.0,4240.0,3650.0,3887.84765625,164991800
2020-03-30,3960.0,3960.0,3720.0,3624.76025390625,41072600
2020-03-31,3830.0,4020.0,3720.0,3722.199951171875,99610200
2020-04-01,3830.0,4000.0,3670.0,3585.7841796875,86485500
2020-04-02,3690.0,3850.0,3470.0,3751.431884765625,58984400
2020-04-03,3880.0,4040.0,3840.0,3907.33544921875,47584600
2020-04-06,4060.0,4300.0,4010.0,4180.1669921875,61479800
2020-04-07,4490.0,4650.0,4120.0,4199.65478515625,81628300
2020-04-08,4200.0,4240.0,4010.0,3907.33544921875,61532700
2020-04-09,4100.0,4150.0,3870.0,3887.84765625,36659600
2020-04-13,4000.0,4070.0,3900.0,3887.84765625,20521300
2020-04-14,4000.0,4190.0,4000.0,4043.751220703125,28841600
2020-04-15,4160.0,4230.0,3990.0,4092.470947265625,37601800
2020-04-16,4100.0,4100.0,3950.0,3878.103759765625,46381900
2020-04-17,4070.0,4170.0,4070.0,4053.495361328125,44520700
2020-04-20,4170.0,4240.0,4070.0,3995.03125,34882800
2020-04-21,4080.0,4100.0,3990.0,3926.823486328125,20857600
2020-04-22,3970.0,4070.0,3900.0,3917.07958984375,52828200
2020-04-23,4050.0,4070.0,3990.0,3917.07958984375,38191400
2020-04-24,4020.0,4020.0,3780.0,3702.7119140625,50322500
2020-04-27,3870.0,3920.0,3750.0,3702.7119140625,34305100
2020-04-28,3820.0,3830.0,3750.0,3722.199951171875,34998800
2020-04-29,3850.0,3850.0,3750.0,3663.736083984375,32628800
2020-04-30,3820.0,4100.0,3800.0,3995.03125,63194600
2020-05-04,4000.0,4000.0,3870.0,3819.6396484375,33125800
2020-05-05,3960.0,4030.0,3780.0,3741.68798828125,54280100
2020-05-06,3850.0,3890.0,3820.0,3731.94384765625,41255900
2020-05-08,3850.0,3870.0,3790.0,3702.7119140625,45523000
2020-05-11,3860.0,3860.0,3800.0,3702.7119140625,40350800
2020-05-12,3820.0,3820.0,3650.0,3566.29638671875,82388200
2020-05-13,3640.0,3740.0,3580.0,3624.76025390625,39007300
2020-05-14,3670.0,3740.0,3510.0,3449.368408203125,47306600
2020-05-15,3570.0,3590.0,3300.0,3254.489013671875,86958200
2020-05-18,3380.0,3410.0,3270.0,3244.744873046875,41810400
2020-05-19,3400.0,3580.0,3380.0,3429.880615234375,77081500
2020-05-20,3570.0,3640.0,3420.0,3507.83251953125,74301500
2020-05-26,3660.0,3660.0,3580.0,3537.064208984375,44453400
2020-05-27,3640.0,3700.0,3580.0,3537.064208984375,64238200
2020-05-28,3640.0,3790.0,3630.0,3566.29638671875,116831000
2020-05-29,3660.0,3860.0,3590.0,3731.94384765625,147057800
2020-06-02,3900.0,4040.0,3850.0,3868.359619140625,131582200
2020-06-03,4020.0,4190.0,3880.0,4024.26318359375,138504300
2020-06-04,4200.0,4360.0,4110.0,4034.00732421875,113520800
2020-06-05,4200.0,4290.0,4030.0,4141.19140625,72690400
2020-06-08,4350.0,4940.0,4340.0,4706.341796875,155723800
2020-06-09,4900.0,5150.0,4850.0,4735.57421875,142855100
2020-06-10,4850.0,4850.0,4520.0,4404.27880859375,151784400
2020-06-11,4510.0,4510.0,4210.0,4102.21484375,222042700
2020-06-12,4210.0,4470.0,3940.0,4355.55859375,199783700
2020-06-15,4480.0,4500.0,4180.0,4092.470947265625,116652300
2020-06-16,4350.0,4610.0,4350.0,4491.974609375,131648800
2020-06-17,4680.0,4750.0,4510.0,4433.51025390625,93134000
2020-06-18,4500.0,4570.0,4430.0,4384.79052734375,52063500
2020-06-19,4550.0,4570.0,4450.0,4365.302734375,41239200
2020-06-22,4480.0,4510.0,4440.0,4355.55859375,25503400
2020-06-23,4470.0,4470.0,4320.0,4267.86279296875,41767200
2020-06-24,4410.0,4780.0,4410.0,4618.64599609375,151060600
2020-06-25,4670.0,4690.0,4510.0,4433.51025390625,117822200
2020-06-26,4650.0,4690.0,4550.0,4462.74267578125,66800100
2020-06-29,4550.0,4600.0,4490.0,4472.486328125,34983700
2020-06-30,4670.0,4700.0,4550.0,4462.74267578125,61765000
2020-07-01,4600.0,4630.0,4510.0,4423.76611328125,37014300
2020-07-02,4540.0,4600.0,4540.0,4472.486328125,28618200
2020-07-03,4600.0,4640.0,4550.0,4443.25439453125,23764000
2020-07-06,4590.0,4640.0,4580.0,4491.974609375,31018200
2020-07-07,4650.0,4660.0,4580.0,4482.23046875,41042200
2020-07-08,4600.0,4830.0,4580.0,4677.10986328125,115288400
2020-07-09,4820.0,4860.0,4720.0,4608.90185546875,58250600
2020-07-10,4700.0,4730.0,4650.0,4550.4384765625,37653000
2020-07-13,4700.0,4770.0,4700.0,4628.39013671875,35545900
2020-07-14,4750.0,4780.0,4700.0,4599.158203125,48056500
2020-07-15,4760.0,4780.0,4710.0,4589.4140625,42310000
2020-07-16,4710.0,4740.0,4680.0,4579.669921875,43047100
2020-07-17,4680.0,4720.0,4670.0,4550.4384765625,18783500
2020-07-20,4690.0,4690.0,4510.0,4423.76611328125,67696500
2020-07-21,4570.0,4700.0,4560.0,4560.18212890625,60836400
2020-07-22,4700.0,4750.0,4660.0,4550.4384765625,48427100
2020-07-23,4690.0,4790.0,4670.0,4589.4140625,76062300
2020-07-24,4710.0,4710.0,4590.0,4491.974609375,54602800
2020-07-27,4640.0,4660.0,4600.0,4530.9501953125,27072000
2020-07-28,4660.0,4710.0,4650.0,4560.18212890625,35239200
2020-07-29,4660.0,4660.0,4580.0,4472.486328125,64032700
2020-07-30,4610.0,4630.0,4570.0,4482.23046875,48400800
2020-08-03,4650.0,4650.0,4300.0,4326.32666015625,73249100
2020-08-04,4470.0,4560.0,4450.0,4443.25439453125,33204600
2020-08-05,4570.0,4640.0,4510.0,4511.4619140625,41149900
2020-08-06,4650.0,4670.0,4630.0,4521.2060546875,32255800
2020-08-07,4640.0,4680.0,4600.0,4501.71826171875,28421200
2020-08-10,4620.0,4640.0,4610.0,4501.71826171875,14825600
2020-08-11,4630.0,4820.0,4630.0,4657.6220703125,96456100
2020-08-12,4800.0,5200.0,4760.0,4993.7890625,181198500
2020-08-13,5200.0,5350.0,5025.0,4945.0693359375,87602500
2020-08-14,5075.0,5100.0,5000.0,4871.98974609375,57145100
2020-08-18,5050.0,5225.0,5025.0,4920.70947265625,101770600
2020-08-19,5075.0,5200.0,5000.0,4920.70947265625,79545900
2020-08-24,5075.0,5150.0,5050.0,4969.42919921875,52733400
2020-08-25,5150.0,5350.0,5150.0,5139.94921875,92771400
2020-08-26,5300.0,5350.0,5200.0,5188.6689453125,72829900
2020-08-27,5325.0,5425.0,5250.0,5164.30859375,56667800
2020-08-28,5325.0,5350.0,5225.0,5115.5888671875,41897900
2020-08-31,5300.0,5325.0,5000.0,4969.42919921875,125960000
2020-09-01,5150.0,5175.0,5025.0,5042.50927734375,54441900
2020-09-02,5250.0,5275.0,5125.0,5091.22900390625,46207400
2020-09-03,5275.0,5375.0,5250.0,5213.02880859375,133938600
2020-09-04,5250.0,5250.0,5125.0,5091.22900390625,94096000
2020-09-07,5225.0,5275.0,5125.0,5115.5888671875,40928200
2020-09-08,5300.0,5300.0,5225.0,5115.5888671875,22596800
2020-09-09,5150.0,5175.0,5025.0,4896.349609375,73421800
2020-09-10,4780.0,4790.0,4680.0,4560.18212890625,132102700
2020-09-11,4450.0,4880.0,4420.0,4745.3173828125,121461600
2020-09-14,4980.0,5050.0,4910.0,4920.70947265625,77510600
2020-09-15,5050.0,5100.0,4910.0,4813.52587890625,49093700
2020-09-16,4990.0,4990.0,4870.0,4745.3173828125,30253200
2020-09-17,4860.0,4890.0,4700.0,4599.158203125,62086500
2020-09-18,4720.0,4810.0,4700.0,4618.64599609375,43650100
2020-09-21,4760.0,4760.0,4550.0,4472.486328125,44015600
2020-09-22,4500.0,4640.0,4460.0,4423.76611328125,48240400
2020-09-23,4570.0,4600.0,4360.0,4306.8388671875,55814500
2020-09-24,4360.0,4400.0,4310.0,4219.14306640625,50774500
2020-09-25,4360.0,4600.0,4360.0,4482.23046875,54992300
2020-09-28,4650.0,4690.0,4500.0,4423.76611328125,31059400
2020-09-29,4600.0,4650.0,4470.0,4394.53466796875,42230000
2020-09-30,4550.0,4560.0,4370.0,4326.32666015625,31951700
2020-10-01,4490.0,4580.0,4470.0,4452.99853515625,25883000
2020-10-02,4580.0,4590.0,4380.0,4394.53466796875,30715500
2020-10-05,4540.0,4620.0,4500.0,4501.71826171875,29857100
2020-10-06,4710.0,4740.0,4650.0,4550.4384765625,49034100
2020-10-07,4620.0,4690.0,4610.0,4550.4384765625,24101700
2020-10-08,4720.0,4720.0,4650.0,4550.4384765625,21083400
2020-10-09,4700.0,4700.0,4620.0,4521.2060546875,25505200
2020-10-12,4690.0,4710.0,4660.0,4550.4384765625,31644500
2020-10-13,4670.0,4780.0,4620.0,4638.13427734375,45256200
2020-10-14,4760.0,4950.0,4760.0,4823.27001953125,66920300
2020-10-15,4950.0,4950.0,4780.0,4657.6220703125,53219700
2020-10-16,4850.0,4860.0,4760.0,4686.85400390625,27057500
2020-10-19,4850.0,4900.0,4820.0,4764.8056640625,36507600
2020-10-20,4870.0,4890.0,4810.0,4686.85400390625,28628400
2020-10-21,4850.0,4930.0,4850.0,4755.0615234375,44696300
2020-10-22,4830.0,4880.0,4830.0,4735.57421875,22289100
2020-10-23,4860.0,4900.0,4840.0,4725.830078125,23111100
2020-10-26,4870.0,4920.0,4830.0,4725.830078125,56483600
2020-10-27,4800.0,4850.0,4730.0,4618.64599609375,88238000
2020-11-02,4700.0,4710.0,4590.0,4540.6943359375,72577500
2020-11-03,4700.0,4740.0,4660.0,4550.4384765625,44974800
2020-11-04,4700.0,4720.0,4600.0,4501.71826171875,35401100
2020-11-05,4720.0,4850.0,4680.0,4706.341796875,90281700
2020-11-06,4860.0,5025.0,4770.0,4833.01318359375,120355000
2020-11-09,5050.0,5150.0,5000.0,4969.42919921875,83367000
2020-11-10,5250.0,5350.0,5200.0,5188.6689453125,125532500
2020-11-11,5375.0,5525.0,5325.0,5334.828125,107375700
2020-11-12,5550.0,5550.0,5300.0,5237.388671875,66993800
2020-11-13,5325.0,5700.0,5275.0,5505.34814453125,99203700
2020-11-16,5750.0,5850.0,5650.0,5529.7080078125,86880400
2020-11-17,5750.0,5800.0,5675.0,5602.7880859375,63441100
2020-11-18,5750.0,5775.0,5650.0,5578.427734375,48749700
2020-11-19,5675.0,5800.0,5650.0,5602.7880859375,61333600
2020-11-20,5700.0,5800.0,5650.0,5529.7080078125,53141400
2020-11-23,5675.0,5975.0,5625.0,5748.947265625,82536100
2020-11-24,5975.0,5975.0,5900.0,5797.66748046875,61987700
2020-11-25,6000.0,6175.0,6000.0,5895.107421875,101206400
2020-11-26,6050.0,6350.0,6025.0,6138.70703125,66773100
2020-11-27,6300.0,6375.0,6200.0,6187.4267578125,64918200
2020-11-30,6350.0,6350.0,5950.0,5846.38720703125,160407100
2020-12-01,6075.0,6250.0,5925.0,6089.98681640625,99785300
2020-12-02,6300.0,6375.0,6200.0,6187.4267578125,51993700
2020-12-03,6375.0,6500.0,6300.0,6187.4267578125,64150200
2020-12-04,6325.0,6425.0,6200.0,6187.4267578125,43911700
2020-12-07,6500.0,6675.0,6450.0,6479.74560546875,60637400
2020-12-08,6650.0,6700.0,6550.0,6479.74560546875,35168700
2020-12-10,6650.0,6700.0,6575.0,6431.0263671875,48708000
2020-12-11,6650.0,6700.0,6550.0,6406.666015625,31359300
2020-12-14,6575.0,6625.0,6450.0,6406.666015625,59192800
2020-12-15,6525.0,6550.0,6450.0,6333.58642578125,41754100
2020-12-16,6550.0,6675.0,6550.0,6504.10595703125,49319600
2020-12-17,6700.0,6750.0,6600.0,6504.10595703125,40740400
2020-12-18,6625.0,6700.0,6600.0,6479.74560546875,28185700
2020-12-21,6675.0,6725.0,6575.0,6431.0263671875,34247400
2020-12-22,6525.0,6575.0,6275.0,6138.70703125,63705800
2020-12-23,6300.0,6425.0,5950.0,6089.98681640625,55527400
2020-12-28,6400.0,6450.0,6150.0,6284.86669921875,30958700
2020-12-29,6450.0,6475.0,6250.0,6138.70703125,25868300
2020-12-30,6300.0,6350.0,6150.0,6016.9072265625,38240000
2021-01-04,6250.0,6400.0,6100.0,6211.78662109375,40855700
2021-01-05,6400.0,6500.0,6300.0,6333.58642578125,34254600
2021-01-06,6525.0,6550.0,6200.0,6236.146484375,37149800
2021-01-07,6475.0,6500.0,6350.0,6260.50634765625,37069400
2021-01-08,6425.0,6500.0,6375.0,6309.22607421875,36413400
2021-01-11,6475.0,6600.0,6450.0,6357.9462890625,74679600
2021-01-12,6600.0,6675.0,6475.0,6333.58642578125,60240600
2021-01-13,6525.0,6600.0,6475.0,6357.9462890625,42309100
2021-01-14,6525.0,6600.0,6425.0,6284.86669921875,34196200
2021-01-15,6450.0,6500.0,6250.0,6163.06640625,52804900
2021-01-18,6300.0,6375.0,6200.0,6138.70703125,40420300
2021-01-19,6300.0,6375.0,6150.0,6065.626953125,44440600
2021-01-20,6200.0,6475.0,6200.0,6260.50634765625,54829000
2021-01-21,6500.0,6575.0,6425.0,6260.50634765625,29795600
2021-01-22,6400.0,6450.0,6250.0,6114.3466796875,44748000
2021-01-25,6275.0,6300.0,6125.0,6065.626953125,31400800
2021-01-26,6225.0,6275.0,6000.0,5919.46728515625,47379900
2021-01-27,6075.0,6100.0,5825.0,5822.02734375,60536800
2021-01-28,5800.0,5950.0,5700.0,5627.14794921875,52841100
2021-01-29,5800.0,5975.0,5450.0,5407.908203125,77904600
2021-02-01,5550.0,5875.0,5250.0,5700.2275390625,76658800
2021-02-02,5875.0,6050.0,5850.0,5748.947265625,56885900
2021-02-03,6050.0,6400.0,5975.0,6138.70703125,119776800
2021-02-04,6325.0,6350.0,6175.0,6114.3466796875,50131100
2021-02-05,6350.0,6375.0,6225.0,6138.70703125,23030100
2021-02-08,6300.0,6375.0,6275.0,6138.70703125,22425700
2021-02-09,6275.0,6400.0,6200.0,6065.626953125,43128700
2021-02-10,6225.0,6275.0,6150.0,6041.26708984375,15012100
2021-02-11,6250.0,6250.0,6150.0,6041.26708984375,13331500
2021-02-15,6250.0,6325.0,6175.0,6065.626953125,26533500
2021-02-16,6250.0,6375.0,6175.0,6187.4267578125,37910600
2021-02-17,6375.0,6400.0,6150.0,5992.546875,44943100
2021-02-18,6100.0,6200.0,6000.0,5870.74755859375,32197800
2021-02-19,6000.0,6050.0,5925.0,5846.38720703125,25762800
2021-02-22,6000.0,6075.0,5925.0,5773.3076171875,34736100
2021-02-23,5925.0,6000.0,5900.0,5797.66748046875,19163800
2021-02-24,5975.0,6100.0,5975.0,5919.46728515625,31161800
2021-02-25,6150.0,6200.0,6075.0,5919.46728515625,34208200
2021-02-26,5950.0,6100.0,5925.0,5797.66748046875,67508500
2021-03-01,6000.0,6225.0,5975.0,6065.626953125,41194400
2021-03-02,6275.0,6300.0,6100.0,5992.546875,28559600
2021-03-03,6150.0,6200.0,6025.0,5870.74755859375,32427500
2021-03-04,6025.0,6075.0,5975.0,5846.38720703125,17683400
2021-03-05,5900.0,6050.0,5875.0,5846.38720703125,24103600
2021-03-08,6075.0,6100.0,6000.0,5846.38720703125,12368900
2021-03-09,6075.0,6100.0,5925.0,5822.02734375,21660000
2021-03-10,6025.0,6100.0,5950.0,5895.107421875,15467500
2021-03-12,6125.0,6200.0,6050.0,5992.546875,37498600
2021-03-15,6200.0,6350.0,6150.0,6163.06640625,66884800
2021-03-16,6325.0,6375.0,6200.0,6065.626953125,28069700
2021-03-17,6225.0,6225.0,6100.0,5943.8271484375,22351700
2021-03-18,6200.0,6325.0,6150.0,6114.3466796875,44144800
2021-03-19,6250.0,6275.0,6150.0,5992.546875,29812800
2021-03-22,6175.0,6225.0,6075.0,5943.8271484375,20258100
2021-03-23,6100.0,6200.0,6075.0,5943.8271484375,19485500
2021-03-24,6050.0,6100.0,5950.0,5797.66748046875,32249600
2021-03-25,6000.0,6000.0,5875.0,5748.947265625,23335700
2021-03-26,5975.0,6100.0,5900.0,5895.107421875,18941200
2021-03-29,6050.0,6150.0,6000.0,5895.107421875,17233700
2021-03-30,6000.0,6050.0,5775.0,5651.5078125,40316100
2021-03-31,5800.0,5850.0,5550.0,5578.427734375,43929700
2021-04-01,5725.0,5825.0,5625.0,5529.7080078125,21304900
2021-04-05,5775.0,5800.0,5675.0,5602.7880859375,14929300
2021-04-06,5800.0,5900.0,5750.0,5675.86767578125,18007500
2021-04-07,5900.0,5900.0,5725.0,5627.14794921875,17585000
2021-04-08,5750.0,5825.0,5725.0,5694.919921875,16236500
2021-04-09,5850.0,6100.0,5825.0,5891.29638671875,49636200
2021-04-12,6025.0,6050.0,5825.0,5744.01416015625,21854400
2021-04-13,5850.0,5875.0,5725.0,5694.919921875,18308500
2021-04-14,5825.0,5950.0,5800.0,5793.1083984375,21324800
2021-04-15,5950.0,6025.0,5900.0,5866.74951171875,17975900
2021-04-16,6025.0,6050.0,5875.0,5842.2021484375,17665900
2021-04-19,5900.0,5975.0,5825.0,5768.56103515625,11917800
2021-04-20,5875.0,5925.0,5800.0,5817.6552734375,8272500
2021-04-21,5875.0,5875.0,5750.0,5670.373046875,13227700
2021-04-22,5800.0,5825.0,5650.0,5572.1845703125,28608300
2021-04-23,5675.0,5800.0,5675.0,5670.373046875,18785800
2021-04-26,5850.0,5850.0,5700.0,5621.27880859375,14881100
2021-04-27,5800.0,5900.0,5750.0,5793.1083984375,30800700
2021-04-28,5900.0,5900.0,5800.0,5719.466796875,17430900
2021-04-29,5875.0,5925.0,5825.0,5768.56103515625,11297100
2021-04-30,5875.0,5875.0,5650.0,5596.7314453125,25905700
2021-05-03,5700.0,5725.0,5550.0,5473.99609375,23712200
2021-05-04,5575.0,5625.0,5525.0,5523.09033203125,17240600
2021-05-05,5650.0,5725.0,5600.0,5572.1845703125,19015900
2021-05-06,5750.0,5775.0,5675.0,5596.7314453125,15392600
2021-05-07,5750.0,5750.0,5600.0,5498.54345703125,14552500
2021-05-10,5600.0,5650.0,5550.0,5473.99609375,14191000
2021-05-11,5575.0,5575.0,5500.0,5424.90234375,12561400
2021-05-17,5575.0,5650.0,5450.0,5400.35498046875,26889300
2021-05-18,5500.0,5550.0,5400.0,5351.26123046875,13030600
2021-05-19,5400.0,5425.0,5200.0,5154.88427734375,29198100
2021-05-20,5200.0,5325.0,5175.0,5154.88427734375,23664700
2021-05-21,5300.0,5400.0,5250.0,5228.52587890625,25857300
2021-05-24,5375.0,5375.0,5300.0,5203.978515625,14545100
2021-05-25,5300.0,5500.0,5300.0,5228.52587890625,23942300
2021-05-27,5375.0,5500.0,5150.0,5056.6962890625,80849500
2021-05-28,5275.0,5300.0,5200.0,5105.79052734375,21585600
2021-05-31,5225.0,5500.0,5200.0,5302.1669921875,34768100
2021-06-02,5500.0,5575.0,5425.0,5449.44921875,38318100
2021-06-03,5575.0,5750.0,5475.0,5645.82568359375,27426300
2021-06-04,5700.0,5750.0,5600.0,5523.09033203125,30124500
2021-06-07,5625.0,5650.0,5475.0,5424.90234375,14641100
2021-06-08,5550.0,5575.0,5475.0,5424.90234375,19537100
2021-06-09,5575.0,5650.0,5500.0,5523.09033203125,15525600
2021-06-10,5650.0,5700.0,5600.0,5572.1845703125,18488600
2021-06-11,5675.0,5700.0,5600.0,5572.1845703125,18604400
2021-06-14,5675.0,5675.0,5525.0,5449.44921875,18526400
2021-06-15,5550.0,5575.0,5500.0,5424.90234375,14249500
2021-06-16,5500.0,5525.0,5325.0,5277.61962890625,20897100
2021-06-17,5350.0,5350.0,5225.0,5154.88427734375,25662300
2021-06-18,5225.0,5225.0,4890.0,4850.5009765625,154778500
2021-06-21,4890.0,4990.0,4780.0,4879.95703125,53189200
2021-06-22,5000.0,5025.0,4910.0,4860.31982421875,36788600
2021-06-23,4970.0,4970.0,4850.0,4762.13134765625,39575400
2021-06-24,4850.0,4890.0,4790.0,4732.6748046875,29244100
2021-06-25,4820.0,4880.0,4760.0,4673.76171875,27935600
2021-06-28,4750.0,4750.0,4580.0,4497.02294921875,53977800
2021-06-29,4580.0,4660.0,4560.0,4497.02294921875,25530800
2021-06-30,4580.0,4680.0,4580.0,4546.1171875,37644700
2021-07-01,4630.0,4780.0,4630.0,4614.84912109375,29447700
2021-07-02,4700.0,4860.0,4700.0,4742.49365234375,35035500
2021-07-05,4830.0,4840.0,4700.0,4634.48681640625,24799700
2021-07-06,4730.0,4750.0,4680.0,4624.66796875,26918200
2021-07-07,4710.0,4760.0,4680.0,4644.30517578125,20007900
2021-07-08,4750.0,4830.0,4720.0,4673.76171875,25201000
2021-07-09,4760.0,4760.0,4620.0,4555.93603515625,28321000
2021-07-12,4650.0,4710.0,4600.0,4614.84912109375,25159100
2021-07-13,4720.0,4750.0,4640.0,4585.392578125,17625700
2021-07-14,4620.0,4640.0,4560.0,4497.02294921875,23833300
2021-07-15,4580.0,4770.0,4580.0,4634.48681640625,34713500
2021-07-16,4750.0,4830.0,4740.0,4722.85595703125,26047700
2021-07-19,4810.0,4850.0,4760.0,4732.6748046875,17806900
2021-07-21,4820.0,4960.0,4820.0,4811.2255859375,36024900
2021-07-22,5025.0,5250.0,5025.0,5056.6962890625,60846000
2021-07-23,5150.0,5200.0,5050.0,4983.05517578125,20190700
2021-07-26,5100.0,5125.0,5000.0,4958.5078125,18847000
2021-07-27,5100.0,5100.0,5000.0,4933.9609375,14844100
2021-07-28,5025.0,5050.0,4910.0,4870.138671875,24596100
2021-07-29,4950.0,5025.0,4910.0,4840.68212890625,14915700
2021-07-30,4900.0,4930.0,4770.0,4693.3994140625,42130800
2021-08-02,4780.0,4830.0,4750.0,4732.6748046875,13788500
2021-08-03,4820.0,4970.0,4800.0,4860.31982421875,18778000
2021-08-04,4980.0,5075.0,4930.0,4958.5078125,21423900
2021-08-05,5050.0,5225.0,5050.0,5105.79052734375,42017100
2021-08-06,5225.0,5250.0,5050.0,5032.14892578125,18504700
2021-08-09,5150.0,5150.0,4960.0,4889.77587890625,16897500
2021-08-10,5000.0,5050.0,4950.0,4899.5947265625,11791200
2021-08-12,5050.0,5100.0,4990.0,4983.05517578125,10184000
2021-08-13,5125.0,5150.0,5050.0,5007.60205078125,8918000
2021-08-16,5150.0,5175.0,5025.0,5056.6962890625,13500000
2021-08-18,5175.0,5425.0,5150.0,5326.7138671875,62752600
2021-08-19,5400.0,5425.0,5175.0,5203.978515625,47966100
2021-08-20,5300.0,5450.0,5200.0,5326.7138671875,27865900
2021-08-23,5450.0,5475.0,5275.0,5253.07275390625,20189000
2021-08-24,5350.0,5375.0,5250.0,5228.52587890625,16095300
2021-08-25,5325.0,5350.0,5225.0,5154.88427734375,11484900
2021-08-26,5275.0,5300.0,5150.0,5130.33740234375,16916200
2021-08-27,5275.0,5350.0,5225.0,5203.978515625,18726400
2021-08-30,5375.0,5425.0,5300.0,5302.1669921875,23705900
2021-08-31,5400.0,5425.0,5300.0,5302.1669921875,21270700
2021-09-01,5400.0,5425.0,5300.0,5228.52587890625,8415600
2021-09-02,5375.0,5375.0,5225.0,5154.88427734375,16437200
2021-09-03,5275.0,5475.0,5250.0,5351.26123046875,25474900
2021-09-06,5450.0,5500.0,5425.0,5351.26123046875,19148200
2021-09-07,5475.0,5500.0,5375.0,5302.1669921875,24204600
2021-09-08,5400.0,5400.0,5250.0,5228.52587890625,19252700
2021-09-09,5325.0,5425.0,5275.0,5302.1669921875,19918300
2021-09-10,5400.0,5475.0,5350.0,5351.26123046875,17004700
2021-09-13,5400.0,5425.0,5350.0,5302.1669921875,8916300
2021-09-14,5400.0,5450.0,5400.0,5302.1669921875,8901900
2021-09-15,5350.0,5375.0,5300.0,5253.07275390625,16365800
2021-09-16,5350.0,5375.0,5250.0,5179.431640625,15896000
2021-09-17,5250.0,5325.0,5225.0,5203.978515625,18219900
2021-09-20,5250.0,5275.0,5125.0,5056.6962890625,22098400
2021-09-21,5100.0,5125.0,5025.0,5032.14892578125,27157100
2021-09-22,5125.0,5175.0,5050.0,5056.6962890625,20989100
2021-09-23,5175.0,5200.0,5100.0,5032.14892578125,30970200
2021-09-24,5125.0,5175.0,5075.0,5007.60205078125,19727500
2021-09-27,5100.0,5125.0,5025.0,4983.05517578125,13341600
2021-09-28,5075.0,5125.0,5050.0,4958.5078125,13950400
2021-09-29,5025.0,5250.0,5025.0,5130.33740234375,21156700
2021-09-30,5225.0,5375.0,5200.0,5277.61962890625,34557200
2021-10-01,5375.0,5375.0,5325.0,5253.07275390625,14013400
2021-10-04,5350.0,5800.0,5350.0,5596.7314453125,73938300
2021-10-05,5675.0,5750.0,5625.0,5596.7314453125,32878500
2021-10-06,5750.0,6200.0,5700.0,5891.29638671875,111102800
2021-10-07,6000.0,6075.0,5900.0,5866.74951171875,42229900
2021-10-08,6050.0,6200.0,6025.0,6038.5791015625,48463900
2021-10-11,6150.0,6425.0,6150.0,6284.0498046875,73495400
2021-10-12,6400.0,6500.0,6325.0,6284.0498046875,72397600
2021-10-13,6500.0,6800.0,6400.0,6554.0673828125,148891900
2021-10-14,6675.0,6875.0,6675.0,6750.44384765625,78367600
2021-10-15,6950.0,6975.0,6650.0,6627.70849609375,59368600
2021-10-18,6875.0,7175.0,6825.0,6946.8203125,103157300
2021-10-19,7150.0,7225.0,7025.0,7094.10302734375,64093400
2021-10-21,7350.0,7450.0,7250.0,7192.291015625,70388700
2021-10-22,7325.0,7475.0,7125.0,7315.0263671875,47656000
2021-10-25,7475.0,7575.0,7350.0,7216.83837890625,48500400
2021-10-26,7350.0,7400.0,7200.0,7143.19677734375,26226900
2021-10-27,7225.0,7250.0,7050.0,6946.8203125,47673800
2021-10-28,7025.0,7075.0,6925.0,6922.2734375,39022700
2021-10-29,7175.0,7175.0,6850.0,6873.17919921875,59147400
2021-11-01,7025.0,7025.0,6825.0,6725.89697265625,34834500
2021-11-02,6850.0,6950.0,6725.0,6676.802734375,30472300
2021-11-03,6800.0,7050.0,6725.0,6897.7265625,46669900
2021-11-04,7075.0,7125.0,7000.0,6873.17919921875,27366500
2021-11-05,7000.0,7025.0,6875.0,6824.0849609375,16408500
2021-11-08,7000.0,7125.0,6925.0,6922.2734375,24935800
2021-11-09,7050.0,7075.0,6975.0,6922.2734375,12099300
2021-11-10,7000.0,7075.0,6925.0,6946.8203125,12797300
2021-11-11,7000.0,7125.0,7000.0,6897.7265625,15721100
2021-11-12,7025.0,7050.0,6900.0,6774.9912109375,23482900
2021-11-15,6850.0,6925.0,6800.0,6676.802734375,24898400
2021-11-16,6800.0,6950.0,6750.0,6750.44384765625,19247400
2021-11-17,6950.0,7000.0,6900.0,6873.17919921875,20336900
2021-11-18,7000.0,7000.0,6900.0,6799.5380859375,10818300
2021-11-19,6950.0,7050.0,6925.0,6897.7265625,23986600
2021-11-22,7025.0,7200.0,7000.0,7045.0087890625,52612000
2021-11-23,7175.0,7200.0,7000.0,6873.17919921875,32127700
2021-11-24,7075.0,7125.0,7025.0,6946.8203125,19928100
2021-11-25,7075.0,7275.0,7050.0,7045.0087890625,47390500
2021-11-26,7125.0,7125.0,6850.0,6750.44384765625,68209500
2021-11-29,6875.0,7025.0,6750.0,6824.0849609375,55091000
2021-11-30,7000.0,7000.0,6800.0,6676.802734375,51537400
2021-12-01,6800.0,6900.0,6600.0,6529.5205078125,51262800
2021-12-02,6650.0,6875.0,6550.0,6701.349609375,40252600
2021-12-03,6850.0,6875.0,6725.0,6603.16162109375,12620900
2021-12-06,6725.0,6925.0,6725.0,6725.89697265625,26793800
2021-12-07,6900.0,7050.0,6850.0,6922.2734375,26352300
2021-12-08,7050.0,7075.0,6850.0,6725.89697265625,34631800
2021-12-09,6900.0,6900.0,6800.0,6701.349609375,11498000
2021-12-10,6800.0,6850.0,6750.0,6652.255859375,22396100
2021-12-13,6850.0,6950.0,6800.0,6725.89697265625,22109200
2021-12-14,6850.0,6900.0,6775.0,6750.44384765625,14104600
2021-12-15,6850.0,6975.0,6825.0,6750.44384765625,19528200
2021-12-16,6925.0,6950.0,6750.0,6627.70849609375,22156100
2021-12-17,6750.0,6850.0,6725.0,6627.70849609375,23308800
2021-12-20,6750.0,6775.0,6650.0,6603.16162109375,21182400
2021-12-21,6725.0,6800.0,6675.0,6578.6142578125,13881800
2021-12-22,6750.0,6775.0,6600.0,6504.97314453125,18386600
2021-12-23,6625.0,6675.0,6625.0,6529.5205078125,10432600
2021-12-24,6650.0,6725.0,6575.0,6603.16162109375,13733200
2021-12-27,6725.0,6750.0,6675.0,6627.70849609375,10650300
2021-12-28,6750.0,6775.0,6700.0,6578.6142578125,14716300
2021-12-29,6700.0,6750.0,6675.0,6603.16162109375,8425900
2021-12-30,6725.0,6775.0,6675.0,6627.70849609375,11809700
2022-01-03,6750.0,6800.0,6700.0,6603.16162109375,11528300
2022-01-04,6800.0,7050.0,6775.0,6897.7265625,51571000
2022-01-05,7025.0,7050.0,6850.0,6824.0849609375,35912400
2022-01-06,6950.0,7000.0,6825.0,6824.0849609375,22192400
2022-01-07,7000.0,7100.0,6925.0,6946.8203125,33655800
2022-01-10,7075.0,7175.0,7025.0,6922.2734375,31962300
2022-01-11,7050.0,7125.0,6975.0,6897.7265625,19202200
2022-01-12,7050.0,7100.0,6975.0,6922.2734375,14161100
2022-01-13,7050.0,7075.0,7000.0,6897.7265625,12799200
2022-01-14,7025.0,7150.0,6975.0,6971.36767578125,19671100
2022-01-17,7125.0,7200.0,7050.0,7069.5556640625,46296400
2022-01-18,7200.0,7250.0,6925.0,6946.8203125,35103300
2022-01-19,7025.0,7100.0,6950.0,6971.36767578125,22079500
2022-01-20,7100.0,7150.0,6975.0,7020.46142578125,16620600
2022-01-21,7125.0,7175.0,7050.0,7045.0087890625,10840700
2022-01-24,7125.0,7125.0,7025.0,6971.36767578125,20422500
2022-01-25,7100.0,7100.0,6775.0,6676.802734375,72335200
2022-01-26,6875.0,7125.0,6850.0,6995.91455078125,53708500
2022-01-27,7100.0,7300.0,7050.0,7069.5556640625,48758000
2022-01-28,7200.0,7500.0,7200.0,7364.12060546875,63789000
2022-01-31,7500.0,7525.0,7325.0,7192.291015625,30233300
2022-02-02,7325.0,7400.0,7300.0,7241.38525390625,19364000
2022-02-03,7325.0,7350.0,7225.0,7167.744140625,16151900
2022-02-04,7275.0,7350.0,7225.0,7192.291015625,10987000
2022-02-07,7325.0,7425.0,7325.0,7241.38525390625,28583000
2022-02-08,7425.0,7600.0,7400.0,7364.12060546875,65562700
2022-02-09,7525.0,7625.0,7425.0,7437.76171875,55078900
2022-02-10,7650.0,7750.0,7575.0,7535.9501953125,71313400
2022-02-11,7650.0,7775.0,7575.0,7560.4970703125,35144800
2022-02-14,7675.0,7700.0,7600.0,7560.4970703125,36134800
2022-02-15,7750.0,7950.0,7725.0,7781.4208984375,68247500
2022-02-16,7950.0,7975.0,7900.0,7805.9677734375,46595600
2022-02-17,7950.0,7950.0,7775.0,7756.87353515625,20845900
2022-02-18,7900.0,7975.0,7825.0,7830.51513671875,19829400
2022-02-21,7900.0,8000.0,7850.0,7756.87353515625,24793300
2022-02-22,7800.0,7850.0,7700.0,7609.59130859375,31443100
2022-02-23,7775.0,7925.0,7775.0,7781.4208984375,35914200
2022-02-24,7900.0,8000.0,7700.0,7683.232421875,83241500
2022-02-25,7825.0,8000.0,7800.0,7855.06201171875,47150600
2022-03-01,8200.0,8200.0,7925.0,7781.4208984375,37271500
2022-03-02,7850.0,7900.0,7750.0,7634.13818359375,39898000
2022-03-04,7850.0,7925.0,7800.0,7756.87353515625,30289500
2022-03-07,7800.0,7900.0,7700.0,7585.04443359375,38241400
2022-03-08,7700.0,7825.0,7525.0,7462.30908203125,43380500
2022-03-09,7550.0,7900.0,7550.0,7634.13818359375,39051400
2022-03-10,7850.0,7900.0,7725.0,7634.13818359375,19382100
2022-03-11,7850.0,7975.0,7775.0,7805.9677734375,30534500
2022-03-14,7975.0,8200.0,7800.0,7953.25048828125,53829700
2022-03-15,8100.0,8200.0,8025.0,7928.703125,33571200
2022-03-16,8100.0,8400.0,8100.0,8198.720703125,64716100
2022-03-17,8450.0,8500.0,8200.0,8075.98583984375,31986600
2022-03-18,8250.0,8350.0,8100.0,8149.626953125,58959300
2022-03-21,8325.0,8350.0,8050.0,7928.703125,30450300
2022-03-22,8075.0,8100.0,8000.0,7879.60888671875,22429500
2022-03-23,8000.0,8075.0,7975.0,7928.703125,35798600
2022-03-24,8000.0,8250.0,7950.0,8225.0,45700700
2022-03-25,8225.0,8275.0,8100.0,8225.0,29455400
2022-03-28,8300.0,8525.0,8225.0,8500.0,47798100
2022-03-29,8500.0,8550.0,8375.0,8375.0,18642400
2022-03-30,8450.0,8575.0,8325.0,8400.0,26422400
2022-03-31,8425.0,8450.0,8250.0,8250.0,26798700
2022-04-01,8250.0,8450.0,8125.0,8200.0,34233200
2022-04-04,8200.0,8525.0,8200.0,8425.0,34743300
2022-04-05,8425.0,8450.0,8300.0,8375.0,14625100
2022-04-06,8275.0,8300.0,8125.0,8150.0,34603700
2022-04-07,8150.0,8300.0,8075.0,8300.0,26910300
2022-04-08,8325.0,8450.0,8250.0,8425.0,41911800
2022-04-11,8500.0,8500.0,8350.0,8400.0,35747700
2022-04-12,8400.0,8475.0,8275.0,8425.0,27774600
2022-04-13,8525.0,8525.0,8375.0,8450.0,28560500
2022-04-14,8450.0,8500.0,8350.0,8400.0,17990600
2022-04-18,8400.0,8425.0,8350.0,8425.0,21246300
2022-04-19,8400.0,8450.0,8325.0,8400.0,22128000
2022-04-20,8500.0,9025.0,8450.0,8975.0,69273600
2022-04-21,9000.0,9400.0,9000.0,9375.0,66136900
2022-04-22,9300.0,9450.0,9250.0,9350.0,42801600
2022-04-25,9325.0,9900.0,9175.0,9500.0,77897700
2022-04-26,9500.0,9700.0,9475.0,9600.0,39881000
2022-04-27,9600.0,9625.0,9400.0,9450.0,51713300
2022-04-28,9450.0,9550.0,9150.0,9225.0,70120800
2022-05-09,9000.0,9000.0,8650.0,8825.0,104526000
2022-05-10,8350.0,8900.0,8350.0,8900.0,83171500
2022-05-11,8950.0,9200.0,8750.0,8775.0,34802100
2022-05-12,8800.0,8800.0,8175.0,8200.0,109512500
2022-05-13,8200.0,8275.0,8050.0,8250.0,55338600
2022-05-17,8350.0,8650.0,8200.0,8450.0,43891700
2022-05-18,8550.0,8875.0,8500.0,8750.0,53037800
2022-05-19,8550.0,8800.0,8450.0,8675.0,32429600
2022-05-20,8700.0,8925.0,8700.0,8775.0,35186000
2022-05-23,8775.0,8975.0,8675.0,8850.0,30449100
2022-05-24,9025.0,9175.0,8950.0,9075.0,29015700
2022-05-25,8975.0,9150.0,8875.0,8925.0,36850200
2022-05-27,9000.0,9375.0,8975.0,9200.0,59566400
2022-05-30,9200.0,9275.0,9025.0,9200.0,33288900
2022-05-31,9275.0,9350.0,9075.0,9175.0,86679100
2022-06-02,9050.0,9175.0,8825.0,8850.0,34781300
2022-06-03,8950.0,9125.0,8900.0,8950.0,22117400
2022-06-06,8900.0,8975.0,8700.0,8900.0,35484500
2022-06-07,9100.0,9100.0,8825.0,8900.0,29999700
2022-06-08,8950.0,9000.0,8850.0,9000.0,18016500
2022-06-09,8850.0,9000.0,8675.0,8675.0,52284300
2022-06-10,8475.0,8500.0,8250.0,8300.0,74290700
2022-06-13,8050.0,8275.0,7925.0,8250.0,84053200
2022-06-14,8275.0,8400.0,8150.0,8275.0,44725900
2022-06-15,8275.0,8300.0,8125.0,8275.0,25268600
2022-06-16,8400.0,8475.0,8250.0,8250.0,35080500
2022-06-17,8125.0,8250.0,8100.0,8175.0,42844900
2022-06-20,8200.0,8225.0,8050.0,8125.0,27255800
2022-06-21,8175.0,8450.0,8175.0,8450.0,27525700
2022-06-22,8425.0,8450.0,8125.0,8150.0,31215400
2022-06-23,8175.0,8225.0,8075.0,8150.0,24434900
2022-06-24,8150.0,8200.0,8100.0,8150.0,23472500
2022-06-27,8175.0,8200.0,8050.0,8050.0,21684400
2022-06-28,8025.0,8175.0,8000.0,8075.0,32258300
2022-06-29,8100.0,8125.0,7875.0,8025.0,40127300
2022-06-30,8025.0,8050.0,7850.0,7850.0,25596700
2022-07-01,7850.0,7950.0,7750.0,7850.0,23558900
2022-07-04,7725.0,7750.0,7400.0,7650.0,59717900
2022-07-05,7675.0,7950.0,7650.0,7750.0,22238000
2022-07-06,7650.0,7700.0,7500.0,7650.0,30849000
2022-07-07,7600.0,7750.0,7600.0,7600.0,26896400
2022-07-08,7675.0,7725.0,7550.0,7600.0,33299800
2022-07-11,7600.0,7650.0,7500.0,7500.0,19491800
2022-07-12,7500.0,7625.0,7425.0,7450.0,45635200
2022-07-13,7450.0,7550.0,7225.0,7225.0,35161800
2022-07-14,7225.0,7400.0,7150.0,7275.0,26733700
2022-07-15,7350.0,7375.0,7250.0,7275.0,45940800
2022-07-18,7275.0,7425.0,7275.0,7325.0,16942600
2022-07-19,7325.0,7475.0,7275.0,7300.0,26312500
2022-07-20,7425.0,7725.0,7400.0,7675.0,49876200
2022-07-21,7800.0,7825.0,7550.0,7725.0,45811900
2022-07-22,7750.0,7800.0,7650.0,7700.0,19975100
2022-07-25,7700.0,7725.0,7600.0,7600.0,11377800
2022-07-26,7650.0,7750.0,7625.0,7675.0,20371400
2022-07-27,7750.0,7825.0,7725.0,7775.0,30735100
2022-07-28,7850.0,7950.0,7825.0,7825.0,45018700
2022-07-29,7875.0,7950.0,7825.0,7850.0,48013000
2022-08-01,8100.0,8100.0,7950.0,7950.0,70682900
2022-08-02,7975.0,8075.0,7875.0,8075.0,30737300
2022-08-03,8100.0,8125.0,8000.0,8125.0,19882200
2022-08-04,8100.0,8125.0,7950.0,8000.0,35964100
2022-08-05,8025.0,8275.0,7975.0,8250.0,25173300
2022-08-08,8250.0,8275.0,8175.0,8250.0,13206900
2022-08-09,8275.0,8500.0,8250.0,8450.0,40296100
2022-08-10,8325.0,8475.0,8300.0,8475.0,24686200
2022-08-11,8575.0,8600.0,8400.0,8525.0,27001200
2022-08-12,8425.0,8550.0,8400.0,8525.0,17132200
2022-08-15,8575.0,8575.0,8450.0,8550.0,21927900
2022-08-16,8525.0,8575.0,8475.0,8575.0,18163100
2022-08-18,8575.0,8725.0,8550.0,8650.0,25707800
2022-08-19,8650.0,8675.0,8500.0,8500.0,16614800
2022-08-22,8375.0,8425.0,8200.0,8300.0,40347600
2022-08-23,8300.0,8400.0,8275.0,8300.0,21554500
2022-08-24,8300.0,8400.0,8250.0,8300.0,15655300
2022-08-25,8350.0,8375.0,8250.0,8275.0,9119700
2022-08-26,8325.0,8400.0,8300.0,8300.0,13647100
2022-08-29,8200.0,8300.0,8125.0,8200.0,25260800
2022-08-30,8250.0,8500.0,8225.0,8425.0,32093300
2022-08-31,8400.0,8525.0,8300.0,8525.0,44111400
2022-09-01,8575.0,8600.0,8450.0,8525.0,12377300
2022-09-02,8550.0,8750.0,8525.0,8700.0,38073500
2022-09-05,8700.0,8875.0,8575.0,8850.0,20270500
2022-09-06,8850.0,8900.0,8700.0,8750.0,19571900
2022-09-07,8725.0,8725.0,8550.0,8575.0,22840300
2022-09-08,8625.0,8800.0,8600.0,8775.0,24409300
2022-09-09,8775.0,8825.0,8750.0,8800.0,33061400
2022-09-12,8900.0,8900.0,8775.0,8800.0,16582300
2022-09-13,8850.0,9000.0,8800.0,8975.0,32567600
2022-09-14,8850.0,8950.0,8775.0,8900.0,23274100
2022-09-15,9000.0,9250.0,8975.0,9175.0,77171400
2022-09-16,9100.0,9175.0,8875.0,8950.0,45416000
2022-09-19,9050.0,9075.0,8850.0,8975.0,31844900
2022-09-20,8975.0,9000.0,8900.0,8975.0,17774100
2022-09-21,8925.0,8975.0,8800.0,8975.0,16579400
2022-09-22,8975.0,9025.0,8875.0,9000.0,12995700
2022-09-23,9050.0,9050.0,8975.0,9000.0,23561600
2022-09-26,8875.0,9000.0,8750.0,9000.0,38659300
2022-09-27,9050.0,9050.0,8825.0,9000.0,21192700
2022-09-28,9000.0,9100.0,8900.0,9000.0,37219500
2022-09-29,9000.0,9050.0,8925.0,8975.0,12239600
2022-09-30,8950.0,9050.0,8800.0,8975.0,22827800
2022-10-03,8975.0,9000.0,8825.0,8900.0,14174700
2022-10-04,8925.0,9000.0,8850.0,8850.0,29190100
2022-10-05,8900.0,8975.0,8850.0,8850.0,32491500
2022-10-06,8900.0,8950.0,8800.0,8900.0,11984500
2022-10-07,8850.0,8875.0,8750.0,8775.0,18278000
2022-10-10,8700.0,8775.0,8650.0,8750.0,16389000
2022-10-11,8750.0,8750.0,8600.0,8700.0,28479500
2022-10-12,8675.0,8775.0,8600.0,8650.0,23013100
2022-10-13,8700.0,8875.0,8675.0,8750.0,30461800
2022-10-14,8825.0,8850.0,8425.0,8425.0,24934700
2022-10-17,8425.0,8625.0,8350.0,8575.0,23011800
2022-10-18,8575.0,8700.0,8575.0,8675.0,17044700
2022-10-19,8725.0,8800.0,8600.0,8775.0,13143600
2022-10-20,8700.0,9075.0,8700.0,9000.0,37227000
2022-10-21,9000.0,9175.0,8975.0,9000.0,33573700
2022-10-24,9025.0,9425.0,9025.0,9350.0,46995500
2022-10-25,9550.0,9675.0,9425.0,9425.0,39513300
2022-10-26,9500.0,9500.0,9225.0,9225.0,28650700
2022-10-27,9250.0,9475.0,9225.0,9350.0,16284100
2022-10-28,9350.0,9375.0,9125.0,9325.0,33512100
2022-10-31,9400.0,9475.0,9350.0,9400.0,28521800
2022-11-01,9400.0,9500.0,9250.0,9400.0,20721900
2022-11-02,9400.0,9400.0,9150.0,9250.0,24887500
2022-11-03,9250.0,9400.0,9175.0,9300.0,23874300
2022-11-04,9275.0,9300.0,9225.0,9275.0,16534100
2022-11-07,9275.0,9350.0,9225.0,9275.0,21582300
2022-11-08,9300.0,9350.0,9200.0,9250.0,17164600
2022-11-09,9300.0,9350.0,9250.0,9300.0,22177200
2022-11-10,9275.0,9300.0,9100.0,9275.0,17528000
2022-11-11,9425.0,9475.0,9275.0,9300.0,38289100
2022-11-14,9300.0,9325.0,9075.0,9100.0,26523200
2022-11-15,9150.0,9200.0,9075.0,9125.0,16181300
2022-11-16,9125.0,9125.0,8875.0,9100.0,42089700
2022-11-17,9100.0,9300.0,9025.0,9275.0,21225700
2022-11-18,9300.0,9325.0,9175.0,9200.0,17251500
2022-11-21,9150.0,9275.0,9125.0,9175.0,12276200
2022-11-22,9225.0,9325.0,9175.0,9250.0,12018300
2022-11-23,9250.0,9325.0,9250.0,9250.0,13240000
2022-11-24,9250.0,9350.0,9250.0,9275.0,16845600
2022-11-25,9275.0,9300.0,9225.0,9300.0,14269400
2022-11-28,9300.0,9350.0,9250.0,9275.0,23306700
2022-11-29,9275.0,9425.0,9275.0,9375.0,29655400
2022-11-30,9400.0,9900.0,9375.0,9900.0,114384500
2022-12-01,9900.0,9950.0,9675.0,9700.0,30021600
2022-12-02,9650.0,9750.0,9550.0,9750.0,37444300
2022-12-05,9750.0,9825.0,9650.0,9750.0,23175400
2022-12-06,9700.0,9700.0,9500.0,9550.0,40480300
2022-12-07,9550.0,9600.0,9375.0,9500.0,37483600
2022-12-08,9500.0,9550.0,9275.0,9500.0,30148800
2022-12-09,9575.0,9575.0,9425.0,9550.0,29214800
2022-12-12,9550.0,9650.0,9425.0,9525.0,18345000
2022-12-13,9600.0,9650.0,9500.0,9650.0,18353500
