Date,Open,High,Low,Close,Volume
2020-01-02,1195.0,1210.0,1175.0,1210.0,2738700
2020-01-03,1210.0,1230.0,1210.0,1225.0,6196500
2020-01-06,1220.0,1255.0,1205.0,1235.0,9321000
2020-01-07,1245.0,1275.0,1235.0,1275.0,9192600
2020-01-08,1270.0,1270.0,1240.0,1245.0,6006900
2020-01-09,1245.0,1255.0,1230.0,1235.0,7766100
2020-01-10,1265.0,1290.0,1260.0,1265.0,15562000
2020-01-13,1290.0,1310.0,1270.0,1270.0,11119400
2020-01-14,1290.0,1300.0,1245.0,1245.0,11287000
2020-01-15,1240.0,1240.0,1200.0,1200.0,10375400
2020-01-16,1200.0,1220.0,1190.0,1200.0,9393200
2020-01-17,1215.0,1215.0,1200.0,1200.0,10560500
2020-01-20,1200.0,1215.0,1130.0,1135.0,4967700
2020-01-21,1135.0,1145.0,1110.0,1125.0,2846400
2020-01-22,1125.0,1135.0,1075.0,1080.0,3507000
2020-01-23,1070.0,1110.0,1055.0,1085.0,3479500
2020-01-24,1100.0,1110.0,1075.0,1085.0,1570200
2020-01-27,1085.0,1085.0,1005.0,1010.0,4633100
2020-01-28,990.0,1045.0,955.0,1030.0,5464700
2020-01-29,1050.0,1055.0,1005.0,1005.0,3924000
2020-01-30,1010.0,1015.0,980.0,980.0,3272500
2020-01-31,975.0,990.0,935.0,960.0,7273800
2020-02-03,945.0,965.0,885.0,915.0,4848400
2020-02-04,915.0,950.0,900.0,900.0,3675000
2020-02-05,925.0,945.0,900.0,905.0,5039800
2020-02-06,910.0,935.0,910.0,925.0,1895600
2020-02-07,925.0,935.0,915.0,915.0,1515700
2020-02-10,910.0,915.0,840.0,845.0,7665500
2020-02-11,850.0,860.0,825.0,855.0,4891400
2020-02-12,860.0,875.0,850.0,855.0,3190500
2020-02-13,850.0,865.0,805.0,820.0,3297700
2020-02-14,825.0,830.0,795.0,805.0,3449300
2020-02-17,805.0,805.0,775.0,800.0,3338200
2020-02-18,800.0,850.0,800.0,850.0,5959600
2020-02-19,850.0,880.0,825.0,860.0,4536200
2020-02-20,865.0,940.0,860.0,935.0,10250500
2020-02-21,935.0,935.0,900.0,915.0,8329100
2020-02-24,915.0,915.0,860.0,860.0,4296400
2020-02-25,860.0,885.0,835.0,865.0,2947300
2020-02-26,865.0,870.0,810.0,820.0,3346900
2020-02-27,820.0,835.0,760.0,770.0,5182400
2020-02-28,750.0,750.0,685.0,750.0,9644900
2020-03-02,750.0,790.0,710.0,715.0,4627400
2020-03-03,740.0,760.0,730.0,755.0,3588000
2020-03-04,765.0,805.0,745.0,785.0,5104000
2020-03-05,795.0,825.0,760.0,760.0,4098900
2020-03-06,765.0,765.0,725.0,740.0,1766600
2020-03-09,740.0,740.0,610.0,610.0,7536900
2020-03-10,590.0,645.0,590.0,630.0,4805100
2020-03-11,640.0,640.0,580.0,595.0,3595400
2020-03-12,575.0,580.0,540.0,540.0,4827300
2020-03-13,505.0,540.0,505.0,515.0,5475100
2020-03-16,505.0,515.0,480.0,480.0,3127900
2020-03-17,456.0,476.0,448.0,448.0,2972500
2020-03-18,446.0,446.0,418.0,418.0,2958900
2020-03-19,390.0,400.0,390.0,390.0,5502800
2020-03-20,386.0,486.0,364.0,486.0,17599000
2020-03-23,486.0,575.0,452.0,480.0,24647000
2020-03-24,490.0,555.0,484.0,530.0,11677400
2020-03-26,570.0,645.0,560.0,625.0,17166800
2020-03-27,675.0,780.0,655.0,730.0,21761100
2020-03-30,700.0,700.0,680.0,680.0,5678700
2020-03-31,690.0,740.0,660.0,695.0,6609100
2020-04-01,700.0,790.0,660.0,725.0,9040300
2020-04-02,735.0,765.0,700.0,750.0,5542000
2020-04-03,765.0,785.0,730.0,740.0,4416100
2020-04-06,755.0,775.0,720.0,765.0,7564400
2020-04-07,790.0,800.0,730.0,755.0,7819700
2020-04-08,760.0,760.0,710.0,740.0,6107500
2020-04-09,740.0,775.0,730.0,750.0,6148900
2020-04-13,760.0,770.0,745.0,760.0,1893600
2020-04-14,760.0,795.0,755.0,795.0,4963700
2020-04-15,785.0,820.0,770.0,775.0,5047600
2020-04-16,800.0,800.0,760.0,770.0,2064400
2020-04-17,770.0,790.0,760.0,775.0,3360000
2020-04-20,780.0,865.0,760.0,795.0,27241400
2020-04-21,785.0,785.0,740.0,740.0,8858400
2020-04-22,735.0,740.0,690.0,715.0,5070100
2020-04-23,740.0,775.0,710.0,710.0,9748700
2020-04-24,735.0,755.0,710.0,710.0,11070000
2020-04-27,745.0,780.0,725.0,755.0,14833000
2020-04-28,760.0,760.0,740.0,740.0,8191300
2020-04-29,745.0,765.0,740.0,755.0,4801800
2020-04-30,760.0,795.0,755.0,795.0,15948300
2020-05-04,740.0,740.0,740.0,740.0,2987600
2020-05-05,690.0,735.0,690.0,720.0,10339600
2020-05-06,730.0,745.0,720.0,725.0,7420100
2020-05-08,735.0,760.0,735.0,740.0,8179000
2020-05-11,765.0,765.0,745.0,755.0,4671100
2020-05-12,755.0,765.0,725.0,725.0,3406700
2020-05-13,720.0,745.0,700.0,745.0,3593000
2020-05-14,740.0,745.0,720.0,720.0,1434800
2020-05-15,730.0,730.0,705.0,705.0,2150100
2020-05-18,710.0,720.0,675.0,680.0,7465600
2020-05-19,705.0,710.0,685.0,690.0,4418800
2020-05-20,695.0,700.0,680.0,690.0,1957000
2020-05-26,680.0,710.0,650.0,690.0,5357600
2020-05-27,710.0,710.0,685.0,690.0,8942300
2020-05-28,695.0,705.0,670.0,680.0,12794300
2020-05-29,685.0,685.0,640.0,640.0,21807400
2020-06-02,650.0,675.0,640.0,650.0,18902200
2020-06-03,660.0,730.0,655.0,705.0,40807900
2020-06-04,720.0,735.0,685.0,685.0,38331100
2020-06-05,690.0,705.0,670.0,705.0,13740300
2020-06-08,720.0,755.0,715.0,745.0,29801600
2020-06-09,760.0,775.0,705.0,710.0,31932300
2020-06-10,700.0,710.0,670.0,690.0,13163500
2020-06-11,685.0,690.0,650.0,665.0,10533300
2020-06-12,650.0,670.0,625.0,670.0,9800500
2020-06-15,670.0,680.0,655.0,655.0,5557600
2020-06-16,660.0,690.0,650.0,675.0,14876900
2020-06-17,680.0,695.0,665.0,695.0,17858300
2020-06-18,705.0,710.0,695.0,700.0,16315300
2020-06-19,700.0,710.0,690.0,700.0,6673000
2020-06-22,705.0,705.0,680.0,685.0,5425000
2020-06-23,680.0,685.0,655.0,665.0,9443800
2020-06-24,675.0,680.0,660.0,675.0,5194100
2020-06-25,670.0,675.0,660.0,660.0,3533200
2020-06-26,665.0,675.0,660.0,670.0,1316400
2020-06-29,670.0,680.0,655.0,660.0,2442000
2020-06-30,670.0,675.0,655.0,670.0,3920700
2020-07-01,665.0,675.0,650.0,675.0,4954900
2020-07-02,680.0,695.0,675.0,685.0,9762600
2020-07-03,695.0,705.0,690.0,695.0,8803400
2020-07-06,700.0,705.0,690.0,700.0,7426100
2020-07-07,705.0,730.0,695.0,715.0,23149100
2020-07-08,705.0,740.0,705.0,725.0,11612800
2020-07-09,730.0,795.0,710.0,755.0,46398500
2020-07-10,755.0,760.0,735.0,745.0,10896200
2020-07-13,740.0,930.0,740.0,930.0,105698900
2020-07-14,955.0,1040.0,915.0,920.0,162694100
2020-07-15,945.0,965.0,870.0,915.0,41954300
2020-07-16,915.0,935.0,885.0,895.0,13713800
2020-07-17,895.0,1010.0,885.0,975.0,112796900
2020-07-20,960.0,985.0,935.0,940.0,32500300
2020-07-21,950.0,990.0,925.0,955.0,24772900
2020-07-22,965.0,995.0,950.0,950.0,26607500
2020-07-23,955.0,1080.0,945.0,1050.0,111598000
2020-07-24,1050.0,1085.0,1010.0,1015.0,41788300
2020-07-27,1015.0,1040.0,1005.0,1010.0,13826700
2020-07-28,1020.0,1075.0,1000.0,1015.0,47597900
2020-07-29,1015.0,1040.0,1010.0,1015.0,11203500
2020-07-30,1015.0,1025.0,955.0,980.0,22331100
2020-08-03,980.0,990.0,915.0,915.0,21552500
2020-08-04,920.0,950.0,915.0,925.0,15267100
2020-08-05,925.0,960.0,910.0,945.0,12586000
2020-08-06,950.0,1020.0,950.0,1015.0,33927000
2020-08-07,1010.0,1035.0,990.0,990.0,19427600
2020-08-10,1010.0,1110.0,990.0,1110.0,74981100
2020-08-11,1120.0,1130.0,1060.0,1085.0,45341400
2020-08-12,1065.0,1065.0,1025.0,1035.0,21323600
2020-08-13,1025.0,1080.0,1025.0,1050.0,20321300
2020-08-14,1055.0,1070.0,1030.0,1040.0,7829900
2020-08-18,1040.0,1060.0,1025.0,1030.0,14500300
2020-08-19,1030.0,1070.0,1025.0,1040.0,26604400
2020-08-24,1045.0,1045.0,1015.0,1015.0,11746500
2020-08-25,1025.0,1055.0,1015.0,1045.0,14856600
2020-08-26,1055.0,1120.0,1045.0,1065.0,69494500
2020-08-27,1075.0,1100.0,1055.0,1060.0,15867700
2020-08-28,1065.0,1095.0,1055.0,1060.0,18957400
2020-08-31,1090.0,1090.0,1015.0,1025.0,13161600
2020-09-01,1025.0,1060.0,995.0,1060.0,20222300
2020-09-02,1065.0,1095.0,1050.0,1070.0,21595900
2020-09-03,1070.0,1070.0,1035.0,1050.0,11987100
2020-09-04,1030.0,1030.0,1010.0,1025.0,7800100
2020-09-07,1030.0,1055.0,1015.0,1030.0,12281200
2020-09-08,1025.0,1050.0,1000.0,1010.0,16737100
2020-09-09,995.0,1010.0,945.0,960.0,23792900
2020-09-10,950.0,950.0,895.0,895.0,10403000
2020-09-11,885.0,935.0,835.0,925.0,24783200
2020-09-14,950.0,975.0,940.0,965.0,14266600
2020-09-15,975.0,975.0,945.0,945.0,9361800
2020-09-16,945.0,945.0,905.0,910.0,10963300
2020-09-17,920.0,940.0,900.0,900.0,10374800
2020-09-18,910.0,935.0,905.0,915.0,7110400
2020-09-21,915.0,960.0,910.0,910.0,24429000
2020-09-22,900.0,940.0,890.0,920.0,20041700
2020-09-23,925.0,945.0,890.0,910.0,16496500
2020-09-24,900.0,910.0,890.0,905.0,7098500
2020-09-25,915.0,925.0,900.0,925.0,8249700
2020-09-28,930.0,935.0,905.0,915.0,4100200
2020-09-29,915.0,980.0,915.0,950.0,38688600
2020-09-30,960.0,970.0,905.0,920.0,13084700
2020-10-01,925.0,940.0,915.0,935.0,5933400
2020-10-02,935.0,935.0,890.0,910.0,6792300
2020-10-05,910.0,925.0,905.0,915.0,5242400
2020-10-06,925.0,930.0,920.0,920.0,5747000
2020-10-07,920.0,945.0,920.0,930.0,7164500
2020-10-08,930.0,965.0,925.0,930.0,18943100
2020-10-09,925.0,935.0,905.0,925.0,4297100
2020-10-12,930.0,935.0,915.0,915.0,14966900
2020-10-13,910.0,950.0,905.0,945.0,20574900
2020-10-14,950.0,955.0,930.0,955.0,22035500
2020-10-15,960.0,1010.0,935.0,935.0,39206000
2020-10-16,950.0,1000.0,920.0,995.0,39412300
2020-10-19,1010.0,1010.0,980.0,990.0,19148100
2020-10-20,990.0,1030.0,985.0,990.0,25198000
2020-10-21,1000.0,1030.0,990.0,995.0,22352200
2020-10-22,995.0,995.0,945.0,945.0,34239900
2020-10-23,960.0,970.0,935.0,935.0,15359600
2020-10-26,945.0,960.0,935.0,940.0,13716900
2020-10-27,935.0,955.0,925.0,935.0,8551200
2020-11-02,940.0,950.0,920.0,935.0,6477300
2020-11-03,940.0,955.0,935.0,940.0,6075700
2020-11-04,940.0,950.0,910.0,920.0,10519500
2020-11-05,920.0,945.0,920.0,940.0,5585100
2020-11-06,945.0,965.0,940.0,955.0,12112600
2020-11-09,965.0,980.0,960.0,970.0,9848700
2020-11-10,980.0,990.0,970.0,975.0,10364800
2020-11-11,975.0,1025.0,970.0,1015.0,43491100
2020-11-12,1020.0,1025.0,995.0,1000.0,17234800
2020-11-13,1000.0,1020.0,990.0,1005.0,9701000
2020-11-16,1010.0,1065.0,1005.0,1060.0,36413900
2020-11-17,1070.0,1100.0,1045.0,1045.0,35941200
2020-11-18,1045.0,1070.0,1040.0,1045.0,10444900
2020-11-19,1045.0,1190.0,1045.0,1180.0,92318700
2020-11-20,1200.0,1210.0,1155.0,1170.0,30736300
2020-11-23,1200.0,1420.0,1190.0,1360.0,122631900
2020-11-24,1380.0,1445.0,1370.0,1380.0,58830900
2020-11-25,1410.0,1555.0,1410.0,1465.0,72081900
2020-11-26,1470.0,1540.0,1470.0,1485.0,32396700
2020-11-27,1500.0,1610.0,1500.0,1600.0,64157400
2020-11-30,1620.0,1840.0,1570.0,1710.0,176402700
2020-12-01,1730.0,1820.0,1635.0,1765.0,79870700
2020-12-02,1795.0,1800.0,1725.0,1745.0,34284700
2020-12-03,1770.0,1800.0,1685.0,1705.0,35557100
2020-12-04,1730.0,1780.0,1720.0,1755.0,43182500
2020-12-07,1820.0,1820.0,1750.0,1755.0,40455100
2020-12-08,1800.0,2010.0,1785.0,1930.0,171171200
2020-12-10,1950.0,1980.0,1825.0,1870.0,58489800
2020-12-11,1905.0,1930.0,1835.0,1850.0,27620000
2020-12-14,1900.0,1975.0,1890.0,1965.0,53434800
2020-12-15,1990.0,2020.0,1920.0,1970.0,40671200
2020-12-16,2000.0,2020.0,1945.0,1965.0,32083200
2020-12-17,1955.0,1975.0,1870.0,1920.0,47291700
2020-12-18,1930.0,1935.0,1875.0,1880.0,21946900
2020-12-21,1905.0,2050.0,1840.0,1990.0,106571900
2020-12-22,1990.0,2010.0,1855.0,1875.0,57039900
2020-12-23,1885.0,1930.0,1745.0,1835.0,44083500
2020-12-28,1865.0,1890.0,1805.0,1840.0,16553300
2020-12-29,1900.0,1925.0,1840.0,1855.0,29386000
2020-12-30,1860.0,1870.0,1730.0,1730.0,45903800
2021-01-04,1725.0,1770.0,1610.0,1730.0,78286500
2021-01-05,1745.0,1795.0,1685.0,1690.0,40878400
2021-01-06,1690.0,1690.0,1575.0,1615.0,45077000
2021-01-07,1615.0,1775.0,1565.0,1750.0,83403100
2021-01-08,1790.0,1880.0,1760.0,1770.0,73713200
2021-01-11,1810.0,1880.0,1805.0,1870.0,71691200
2021-01-12,1880.0,1900.0,1805.0,1820.0,34828200
2021-01-13,1880.0,1985.0,1855.0,1920.0,120468600
2021-01-14,1980.0,2000.0,1855.0,1870.0,71616200
2021-01-15,1870.0,1875.0,1770.0,1790.0,54519200
2021-01-18,1790.0,1835.0,1695.0,1695.0,46035900
2021-01-19,1695.0,1795.0,1605.0,1695.0,54687800
2021-01-20,1695.0,1740.0,1655.0,1725.0,22603600
2021-01-21,1740.0,1765.0,1700.0,1705.0,16537600
2021-01-22,1705.0,1715.0,1605.0,1620.0,26696400
2021-01-25,1620.0,1660.0,1525.0,1530.0,29170800
2021-01-26,1535.0,1575.0,1425.0,1425.0,33695300
2021-01-27,1435.0,1470.0,1350.0,1405.0,30542400
2021-01-28,1380.0,1535.0,1350.0,1410.0,55920000
2021-01-29,1410.0,1540.0,1375.0,1465.0,44399300
2021-02-01,1465.0,1500.0,1395.0,1490.0,37514700
2021-02-02,1490.0,1530.0,1430.0,1435.0,22677900
2021-02-03,1435.0,1440.0,1395.0,1405.0,16048100
2021-02-04,1400.0,1530.0,1390.0,1515.0,48114700
2021-02-05,1530.0,1615.0,1530.0,1550.0,62956900
2021-02-08,1575.0,1610.0,1525.0,1550.0,26507900
2021-02-09,1550.0,1580.0,1480.0,1495.0,22361600
2021-02-10,1500.0,1510.0,1455.0,1485.0,9322400
2021-02-11,1480.0,1530.0,1470.0,1520.0,10043300
2021-02-15,1540.0,1545.0,1510.0,1520.0,7121000
2021-02-16,1530.0,1545.0,1510.0,1530.0,11052700
2021-02-17,1530.0,1535.0,1455.0,1460.0,16810200
2021-02-18,1455.0,1460.0,1425.0,1430.0,8990900
2021-02-19,1430.0,1440.0,1405.0,1420.0,5606500
2021-02-22,1440.0,1540.0,1425.0,1540.0,31482500
2021-02-23,1540.0,1575.0,1495.0,1505.0,27235600
2021-02-24,1510.0,1525.0,1450.0,1455.0,11366900
2021-02-25,1475.0,1495.0,1465.0,1480.0,7164900
2021-02-26,1475.0,1500.0,1440.0,1480.0,7266100
2021-03-01,1490.0,1510.0,1480.0,1490.0,7074500
2021-03-02,1500.0,1590.0,1500.0,1530.0,42142600
2021-03-03,1540.0,1555.0,1470.0,1485.0,15577100
2021-03-04,1485.0,1530.0,1445.0,1490.0,23717400
2021-03-05,1470.0,1480.0,1450.0,1465.0,7895000
2021-03-08,1480.0,1490.0,1405.0,1420.0,12140000
2021-03-09,1415.0,1435.0,1380.0,1400.0,11982900
2021-03-10,1400.0,1435.0,1380.0,1400.0,7779600
2021-03-12,1420.0,1565.0,1410.0,1505.0,61942200
2021-03-15,1515.0,1570.0,1510.0,1535.0,23263900
2021-03-16,1545.0,1585.0,1505.0,1510.0,24945700
2021-03-17,1515.0,1530.0,1495.0,1505.0,5822900
2021-03-18,1540.0,1570.0,1520.0,1540.0,23166200
2021-03-19,1540.0,1575.0,1520.0,1525.0,16792400
2021-03-22,1580.0,1710.0,1550.0,1680.0,88527100
2021-03-23,1700.0,1780.0,1680.0,1710.0,72388800
2021-03-24,1700.0,1700.0,1595.0,1595.0,40111800
2021-03-25,1595.0,1640.0,1520.0,1580.0,39497000
2021-03-26,1625.0,1625.0,1565.0,1595.0,14512400
2021-03-29,1605.0,1610.0,1535.0,1545.0,20356600
2021-03-30,1550.0,1550.0,1480.0,1480.0,20164100
2021-03-31,1485.0,1490.0,1400.0,1425.0,18338200
2021-04-01,1450.0,1475.0,1425.0,1460.0,11496800
2021-04-05,1465.0,1510.0,1455.0,1465.0,18533600
2021-04-06,1460.0,1480.0,1445.0,1450.0,8463400
2021-04-07,1450.0,1495.0,1450.0,1465.0,10072700
2021-04-08,1480.0,1530.0,1465.0,1530.0,15174600
2021-04-09,1530.0,1545.0,1480.0,1485.0,11781200
2021-04-12,1480.0,1490.0,1415.0,1415.0,9623900
2021-04-13,1415.0,1435.0,1370.0,1385.0,14496000
2021-04-14,1390.0,1420.0,1390.0,1415.0,6867200
2021-04-15,1415.0,1430.0,1400.0,1405.0,4385200
2021-04-16,1410.0,1440.0,1405.0,1425.0,6028200
2021-04-19,1455.0,1495.0,1395.0,1465.0,21819600
2021-04-20,1470.0,1500.0,1450.0,1465.0,8349500
2021-04-21,1455.0,1460.0,1420.0,1425.0,6195000
2021-04-22,1425.0,1435.0,1415.0,1420.0,4124600
2021-04-23,1430.0,1445.0,1405.0,1415.0,5308200
2021-04-26,1415.0,1435.0,1400.0,1405.0,4737900
2021-04-27,1410.0,1425.0,1395.0,1395.0,3729700
2021-04-28,1395.0,1415.0,1395.0,1415.0,2597100
2021-04-29,1420.0,1450.0,1415.0,1450.0,7958600
2021-04-30,1450.0,1465.0,1405.0,1420.0,7101000
2021-05-03,1430.0,1440.0,1390.0,1395.0,6202900
2021-05-04,1395.0,1435.0,1375.0,1430.0,16192700
2021-05-05,1435.0,1440.0,1405.0,1425.0,6771800
2021-05-06,1430.0,1525.0,1430.0,1480.0,40304900
2021-05-07,1505.0,1540.0,1455.0,1455.0,19871700
2021-05-10,1465.0,1470.0,1440.0,1450.0,8744000
2021-05-11,1470.0,1525.0,1445.0,1475.0,41097100
2021-05-17,1485.0,1520.0,1435.0,1435.0,21008000
2021-05-18,1435.0,1450.0,1415.0,1445.0,7187700
2021-05-19,1455.0,1495.0,1435.0,1440.0,13973600
2021-05-20,1440.0,1465.0,1365.0,1370.0,22564000
2021-05-21,1385.0,1410.0,1315.0,1330.0,17430200
2021-05-24,1370.0,1380.0,1300.0,1300.0,17165900
2021-05-25,1320.0,1360.0,1310.0,1320.0,13807900
2021-05-27,1330.0,1350.0,1300.0,1305.0,10601200
2021-05-28,1320.0,1325.0,1265.0,1275.0,9484800
2021-05-31,1290.0,1310.0,1275.0,1285.0,9844300
2021-06-02,1300.0,1430.0,1295.0,1430.0,36552500
2021-06-03,1430.0,1450.0,1395.0,1410.0,10645400
2021-06-04,1410.0,1415.0,1385.0,1385.0,9789400
2021-06-07,1390.0,1400.0,1330.0,1335.0,9397100
2021-06-08,1360.0,1395.0,1350.0,1355.0,12870200
2021-06-09,1360.0,1375.0,1350.0,1355.0,5710300
2021-06-10,1365.0,1385.0,1310.0,1325.0,15154300
2021-06-11,1355.0,1475.0,1345.0,1420.0,57717400
2021-06-14,1425.0,1450.0,1385.0,1425.0,22622200
2021-06-15,1420.0,1420.0,1365.0,1385.0,14624100
2021-06-16,1365.0,1485.0,1355.0,1475.0,45180400
2021-06-17,1450.0,1470.0,1395.0,1400.0,24905300
2021-06-18,1400.0,1420.0,1330.0,1355.0,21195000
2021-06-21,1340.0,1340.0,1270.0,1330.0,10500600
2021-06-22,1335.0,1380.0,1325.0,1335.0,14952500
2021-06-23,1360.0,1380.0,1315.0,1315.0,9542300
2021-06-24,1330.0,1335.0,1300.0,1315.0,6411800
2021-06-25,1325.0,1355.0,1310.0,1335.0,15201100
2021-06-28,1355.0,1370.0,1295.0,1305.0,14114000
2021-06-29,1305.0,1340.0,1255.0,1275.0,16013200
2021-06-30,1275.0,1325.0,1275.0,1300.0,9152200
2021-07-01,1340.0,1350.0,1280.0,1290.0,7855200
2021-07-02,1300.0,1355.0,1300.0,1340.0,20374400
2021-07-05,1350.0,1360.0,1305.0,1305.0,9583800
2021-07-06,1340.0,1385.0,1325.0,1360.0,25365500
2021-07-07,1355.0,1355.0,1315.0,1325.0,10406800
2021-07-08,1330.0,1335.0,1280.0,1285.0,10911100
2021-07-09,1290.0,1325.0,1285.0,1300.0,7276400
2021-07-12,1320.0,1330.0,1285.0,1290.0,8538500
2021-07-13,1295.0,1305.0,1260.0,1265.0,6532900
2021-07-14,1280.0,1310.0,1270.0,1275.0,8935700
2021-07-15,1280.0,1300.0,1270.0,1275.0,5753900
2021-07-16,1300.0,1360.0,1285.0,1315.0,21740200
2021-07-19,1330.0,1355.0,1315.0,1325.0,17278000
2021-07-21,1325.0,1355.0,1300.0,1305.0,10561200
2021-07-22,1310.0,1435.0,1305.0,1420.0,52872700
2021-07-23,1430.0,1430.0,1360.0,1370.0,16674600
2021-07-26,1385.0,1420.0,1355.0,1355.0,14868400
2021-07-27,1355.0,1385.0,1325.0,1330.0,10609200
2021-07-28,1350.0,1365.0,1315.0,1365.0,12144700
2021-07-29,1375.0,1405.0,1345.0,1380.0,22366200
2021-07-30,1390.0,1415.0,1350.0,1370.0,13457900
2021-08-02,1380.0,1445.0,1370.0,1395.0,24993500
2021-08-03,1395.0,1410.0,1350.0,1365.0,13620900
2021-08-04,1365.0,1385.0,1335.0,1350.0,9614600
2021-08-05,1350.0,1375.0,1335.0,1335.0,12753600
2021-08-06,1350.0,1355.0,1320.0,1325.0,7759200
2021-08-09,1345.0,1370.0,1310.0,1335.0,15842900
2021-08-10,1345.0,1375.0,1325.0,1360.0,14939700
2021-08-12,1365.0,1525.0,1360.0,1515.0,94389600
2021-08-13,1515.0,1550.0,1480.0,1500.0,28187300
2021-08-16,1510.0,1580.0,1490.0,1500.0,39892200
2021-08-18,1500.0,1500.0,1405.0,1405.0,29081000
2021-08-19,1400.0,1430.0,1310.0,1320.0,42485200
2021-08-20,1320.0,1345.0,1285.0,1320.0,18560300
2021-08-23,1330.0,1360.0,1320.0,1350.0,18822500
2021-08-24,1365.0,1390.0,1320.0,1320.0,15864200
2021-08-25,1325.0,1350.0,1315.0,1330.0,9067800
2021-08-26,1340.0,1355.0,1315.0,1345.0,10836600
2021-08-27,1345.0,1355.0,1290.0,1310.0,16128200
2021-08-30,1320.0,1355.0,1320.0,1350.0,17233200
2021-08-31,1350.0,1360.0,1330.0,1340.0,8307000
2021-09-01,1330.0,1385.0,1330.0,1350.0,25300100
2021-09-02,1355.0,1380.0,1335.0,1350.0,16471200
2021-09-03,1355.0,1430.0,1355.0,1410.0,47480300
2021-09-06,1420.0,1450.0,1400.0,1410.0,22215500
2021-09-07,1420.0,1430.0,1380.0,1385.0,11400600
2021-09-08,1345.0,1400.0,1345.0,1370.0,16421500
2021-09-09,1385.0,1395.0,1355.0,1390.0,10272200
2021-09-10,1385.0,1410.0,1370.0,1375.0,7333400
2021-09-13,1375.0,1390.0,1365.0,1375.0,5242700
2021-09-14,1385.0,1430.0,1375.0,1400.0,17947800
2021-09-15,1400.0,1445.0,1390.0,1415.0,18752200
2021-09-16,1420.0,1440.0,1390.0,1400.0,15078500
2021-09-17,1390.0,1390.0,1350.0,1360.0,14113100
2021-09-20,1375.0,1375.0,1330.0,1335.0,8892700
2021-09-21,1330.0,1350.0,1310.0,1350.0,9233400
2021-09-22,1360.0,1380.0,1345.0,1370.0,12522900
2021-09-23,1375.0,1430.0,1370.0,1380.0,27523000
2021-09-24,1420.0,1585.0,1410.0,1535.0,141013000
2021-09-27,1560.0,1640.0,1520.0,1525.0,80871700
2021-09-28,1535.0,1875.0,1535.0,1820.0,222075000
2021-09-29,1800.0,1915.0,1765.0,1800.0,127051100
2021-09-30,1830.0,1970.0,1815.0,1900.0,159607600
2021-10-01,1900.0,2030.0,1895.0,1955.0,121367800
2021-10-04,2030.0,2180.0,2010.0,2150.0,120776000
2021-10-05,2250.0,2330.0,2070.0,2160.0,148012600
2021-10-06,2250.0,2300.0,2130.0,2160.0,100756700
2021-10-07,2080.0,2080.0,2010.0,2010.0,80406100
2021-10-08,2010.0,2170.0,1950.0,2170.0,132376200
2021-10-11,2190.0,2330.0,2100.0,2310.0,188548800
2021-10-12,2350.0,2390.0,2260.0,2330.0,121806400
2021-10-13,2320.0,2360.0,2240.0,2290.0,61735600
2021-10-14,2330.0,2330.0,2220.0,2260.0,44383700
2021-10-15,2270.0,2330.0,2220.0,2280.0,71429900
2021-10-18,2260.0,2330.0,2210.0,2280.0,53114500
2021-10-19,2240.0,2320.0,2240.0,2300.0,32497700
2021-10-21,2280.0,2280.0,2140.0,2140.0,62151100
2021-10-22,1995.0,2060.0,1995.0,1995.0,237790000
2021-10-25,1995.0,2070.0,1885.0,1925.0,156028200
2021-10-26,1950.0,1985.0,1915.0,1950.0,68256800
2021-10-27,1950.0,1965.0,1865.0,1880.0,46259000
2021-10-28,1845.0,1850.0,1775.0,1810.0,82066800
2021-10-29,1800.0,1845.0,1760.0,1780.0,64777600
2021-11-01,1725.0,1815.0,1700.0,1775.0,72888000
2021-11-02,1775.0,1785.0,1695.0,1705.0,50134400
2021-11-03,1705.0,1760.0,1705.0,1740.0,38816500
2021-11-04,1800.0,1820.0,1750.0,1750.0,61725200
2021-11-05,1760.0,1760.0,1720.0,1730.0,22590700
2021-11-08,1755.0,1800.0,1735.0,1775.0,31466100
2021-11-09,1800.0,1825.0,1770.0,1780.0,37360500
2021-11-10,1780.0,1785.0,1745.0,1755.0,16816700
2021-11-11,1755.0,1755.0,1725.0,1740.0,15519800
2021-11-12,1740.0,1765.0,1720.0,1735.0,19775500
2021-11-15,1735.0,1735.0,1615.0,1615.0,72760600
2021-11-16,1625.0,1660.0,1595.0,1610.0,34155000
2021-11-17,1620.0,1670.0,1620.0,1650.0,34305300
2021-11-18,1655.0,1655.0,1610.0,1630.0,19786800
2021-11-19,1640.0,1725.0,1640.0,1715.0,44481500
2021-11-22,1730.0,1730.0,1630.0,1640.0,42727200
2021-11-23,1660.0,1710.0,1660.0,1690.0,38603600
2021-11-24,1710.0,1765.0,1695.0,1700.0,47894000
2021-11-25,1710.0,1740.0,1685.0,1725.0,25668400
2021-11-26,1725.0,1725.0,1650.0,1655.0,25242200
2021-11-29,1640.0,1675.0,1605.0,1665.0,28632900
2021-11-30,1635.0,1690.0,1600.0,1635.0,51414600
2021-12-01,1640.0,1720.0,1630.0,1680.0,30075100
2021-12-02,1695.0,1775.0,1680.0,1755.0,45434000
2021-12-03,1775.0,1780.0,1705.0,1710.0,23520200
2021-12-06,1710.0,1745.0,1690.0,1730.0,17770800
2021-12-07,1740.0,1760.0,1715.0,1715.0,15373600
2021-12-08,1720.0,1740.0,1710.0,1720.0,12445500
2021-12-09,1730.0,1815.0,1725.0,1740.0,43876400
2021-12-10,1730.0,1760.0,1700.0,1705.0,18524200
2021-12-13,1715.0,1730.0,1660.0,1660.0,20981500
2021-12-14,1665.0,1670.0,1625.0,1635.0,18968800
2021-12-15,1640.0,1705.0,1630.0,1665.0,28578600
2021-12-16,1665.0,1690.0,1625.0,1635.0,14688700
2021-12-17,1650.0,1675.0,1640.0,1660.0,13784100
2021-12-20,1660.0,1660.0,1560.0,1560.0,25554700
2021-12-21,1575.0,1610.0,1565.0,1585.0,15129700
2021-12-22,1585.0,1610.0,1570.0,1570.0,7414900
2021-12-23,1570.0,1585.0,1515.0,1520.0,14333300
2021-12-24,1520.0,1550.0,1520.0,1525.0,9570900
2021-12-27,1530.0,1560.0,1525.0,1530.0,7733000
2021-12-28,1530.0,1645.0,1530.0,1630.0,23912000
2021-12-29,1650.0,1650.0,1590.0,1630.0,16385400
2021-12-30,1595.0,1620.0,1530.0,1545.0,26212900
2022-01-03,1540.0,1545.0,1460.0,1475.0,27069300
2022-01-04,1475.0,1575.0,1470.0,1560.0,26938900
2022-01-05,1575.0,1620.0,1570.0,1580.0,24199200
2022-01-06,1570.0,1615.0,1545.0,1585.0,14662700
2022-01-07,1600.0,1690.0,1595.0,1675.0,42123700
2022-01-10,1680.0,1690.0,1635.0,1645.0,13860500
2022-01-11,1690.0,1720.0,1645.0,1645.0,32512700
2022-01-12,1650.0,1685.0,1605.0,1610.0,11773900
2022-01-13,1650.0,1665.0,1615.0,1645.0,14083600
2022-01-14,1670.0,1685.0,1650.0,1670.0,11942100
2022-01-17,1680.0,1720.0,1640.0,1665.0,20231500
2022-01-18,1680.0,1700.0,1560.0,1585.0,19499100
2022-01-19,1590.0,1610.0,1545.0,1575.0,8504200
2022-01-20,1575.0,1625.0,1565.0,1585.0,14347200
2022-01-21,1585.0,1595.0,1555.0,1585.0,9036300
2022-01-24,1600.0,1980.0,1575.0,1980.0,257741900
2022-01-25,2080.0,2090.0,1845.0,1885.0,202171400
2022-01-26,1895.0,1980.0,1850.0,1960.0,115055200
2022-01-27,1950.0,2030.0,1920.0,2000.0,123545300
2022-01-28,1980.0,2170.0,1960.0,2150.0,129820200
2022-01-31,2190.0,2230.0,2080.0,2090.0,64653900
2022-02-02,2080.0,2150.0,2010.0,2060.0,68529200
2022-02-03,2090.0,2090.0,1940.0,2020.0,90584600
2022-02-04,2020.0,2060.0,1975.0,1975.0,29833300
2022-02-07,2000.0,2030.0,1945.0,1960.0,36126100
2022-02-08,1960.0,2050.0,1960.0,2020.0,46381700
2022-02-09,2050.0,2170.0,2030.0,2090.0,82836700
2022-02-10,2100.0,2120.0,2040.0,2070.0,32429800
2022-02-11,2060.0,2190.0,2040.0,2180.0,50639300
2022-02-14,2170.0,2250.0,2150.0,2170.0,74396800
2022-02-15,2180.0,2220.0,2120.0,2170.0,39072100
2022-02-16,2180.0,2200.0,2130.0,2150.0,19918700
2022-02-17,2140.0,2150.0,2020.0,2040.0,55370100
2022-02-18,2040.0,2090.0,1995.0,2060.0,32823100
2022-02-21,2070.0,2080.0,2020.0,2030.0,17590700
2022-02-22,2030.0,2080.0,2010.0,2060.0,19867400
2022-02-23,2110.0,2120.0,2060.0,2090.0,33141900
2022-02-24,2120.0,2250.0,2050.0,2240.0,129572700
2022-02-25,2300.0,2350.0,2220.0,2230.0,87814700
2022-03-01,2250.0,2750.0,2250.0,2550.0,230836000
2022-03-02,2650.0,2920.0,2620.0,2700.0,151971100
2022-03-04,2770.0,2990.0,2740.0,2940.0,156309800
2022-03-07,3000.0,3120.0,2860.0,2940.0,115766100
2022-03-08,3000.0,3000.0,2740.0,2740.0,46004200
2022-03-09,2650.0,2730.0,2550.0,2550.0,151027400
2022-03-10,2450.0,2540.0,2380.0,2460.0,139594700
2022-03-11,2450.0,2540.0,2370.0,2370.0,58420000
2022-03-14,2370.0,2430.0,2210.0,2210.0,71907400
2022-03-15,2140.0,2250.0,2080.0,2140.0,69323900
2022-03-16,2160.0,2230.0,2110.0,2230.0,55430400
2022-03-17,2230.0,2230.0,2140.0,2160.0,31449700
2022-03-18,2160.0,2240.0,2160.0,2200.0,31986000
2022-03-21,2200.0,2230.0,2140.0,2150.0,23528600
2022-03-22,2150.0,2270.0,2150.0,2270.0,47985600
2022-03-23,2300.0,2320.0,2240.0,2280.0,40972300
2022-03-24,2290.0,2360.0,2290.0,2340.0,37652500
2022-03-25,2330.0,2350.0,2240.0,2260.0,26569400
2022-03-28,2260.0,2280.0,2210.0,2260.0,16722400
2022-03-29,2270.0,2270.0,2190.0,2200.0,15307400
2022-03-30,2240.0,2250.0,2150.0,2170.0,18135500
2022-03-31,2210.0,2310.0,2200.0,2230.0,36418800
2022-04-01,2240.0,2310.0,2220.0,2280.0,39771700
2022-04-04,2290.0,2310.0,2250.0,2290.0,21285500
2022-04-05,2300.0,2560.0,2300.0,2500.0,115289400
2022-04-06,2520.0,2620.0,2500.0,2570.0,78442500
2022-04-07,2590.0,2720.0,2510.0,2640.0,77702300
2022-04-08,2640.0,2710.0,2620.0,2700.0,37212100
2022-04-11,2700.0,2850.0,2650.0,2720.0,63933000
2022-04-12,2700.0,2790.0,2580.0,2770.0,35398500
2022-04-13,2820.0,2890.0,2800.0,2860.0,44581500
2022-04-14,2840.0,2880.0,2810.0,2830.0,24581900
2022-04-18,2810.0,2980.0,2800.0,2840.0,71393700
2022-04-19,2840.0,2880.0,2770.0,2780.0,31569700
2022-04-20,2850.0,2850.0,2600.0,2720.0,54780500
2022-04-21,2720.0,2810.0,2690.0,2720.0,30288700
2022-04-22,2730.0,2760.0,2660.0,2680.0,15976200
2022-04-25,2660.0,2660.0,2520.0,2580.0,33279800
2022-04-26,2560.0,2610.0,2470.0,2520.0,20077000
2022-04-27,2500.0,2650.0,2480.0,2650.0,21461500
2022-04-28,2630.0,2720.0,2620.0,2690.0,31748600
2022-05-09,2710.0,2760.0,2540.0,2640.0,23694800
2022-05-10,2650.0,2650.0,2460.0,2490.0,44168300
2022-05-11,2530.0,2670.0,2510.0,2600.0,26876100
2022-05-12,2600.0,2690.0,2490.0,2530.0,30854100
2022-05-13,2550.0,2670.0,2520.0,2630.0,21528100
2022-05-17,2660.0,2730.0,2650.0,2710.0,30986800
2022-05-18,2750.0,2790.0,2560.0,2590.0,55463200
2022-05-19,2590.0,2590.0,2470.0,2560.0,29344000
2022-05-20,2560.0,2910.0,2560.0,2850.0,109378600
2022-05-23,2900.0,2950.0,2740.0,2770.0,58165700
2022-05-24,2770.0,2820.0,2700.0,2750.0,46156200
2022-05-25,2720.0,2780.0,2680.0,2720.0,19496900
2022-05-27,2740.0,2780.0,2700.0,2720.0,21230700
2022-05-30,2820.0,2820.0,2710.0,2740.0,14143400
2022-05-31,2840.0,2890.0,2730.0,2890.0,51162400
2022-06-02,2870.0,3050.0,2830.0,2940.0,79325800
2022-06-03,2970.0,3080.0,2910.0,2970.0,47083400
2022-06-06,3000.0,3030.0,2920.0,2990.0,27831200
2022-06-07,3010.0,3150.0,3010.0,3100.0,56015600
2022-06-08,3130.0,3140.0,2980.0,3000.0,32681400
2022-06-09,3000.0,3060.0,2960.0,2990.0,22433400
2022-06-10,2950.0,2990.0,2810.0,2830.0,40765900
2022-06-13,2790.0,2790.0,2640.0,2680.0,41398200
2022-06-14,2660.0,2730.0,2600.0,2720.0,28826700
2022-06-15,2730.0,2750.0,2530.0,2530.0,33309900
2022-06-16,2580.0,2670.0,2560.0,2580.0,25239700
2022-06-17,2550.0,2560.0,2470.0,2540.0,17222500
2022-06-20,2600.0,2600.0,2480.0,2560.0,12826500
2022-06-21,2640.0,2670.0,2580.0,2640.0,22221400
2022-06-22,2670.0,2720.0,2580.0,2610.0,23361700
2022-06-23,2660.0,2660.0,2500.0,2540.0,11958500
2022-06-24,2540.0,2620.0,2540.0,2550.0,8903100
2022-06-27,2580.0,2610.0,2510.0,2530.0,12210500
2022-06-28,2550.0,2570.0,2510.0,2550.0,9706900
2022-06-29,2540.0,2580.0,2480.0,2490.0,15997900
2022-06-30,2450.0,2490.0,2330.0,2330.0,29499800
2022-07-01,2330.0,2350.0,2190.0,2200.0,34485900
2022-07-04,2200.0,2260.0,2130.0,2170.0,36068400
2022-07-05,2210.0,2320.0,2210.0,2290.0,31452700
2022-07-06,2280.0,2290.0,2190.0,2250.0,15083000
2022-07-07,2250.0,2280.0,2220.0,2260.0,6591900
2022-07-08,2300.0,2370.0,2280.0,2330.0,14922000
2022-07-11,2370.0,2390.0,2290.0,2300.0,8703000
2022-07-12,2340.0,2430.0,2320.0,2400.0,15753000
2022-07-13,2490.0,2490.0,2360.0,2360.0,14800700
2022-07-14,2330.0,2410.0,2310.0,2360.0,9295300
2022-07-15,2360.0,2370.0,2250.0,2250.0,11241800
2022-07-18,2200.0,2310.0,2200.0,2310.0,7026500
2022-07-19,2280.0,2430.0,2280.0,2420.0,11951600
2022-07-20,2450.0,2480.0,2420.0,2430.0,8485100
2022-07-21,2450.0,2470.0,2410.0,2450.0,6199900
2022-07-22,2450.0,2520.0,2430.0,2470.0,11230000
2022-07-25,2500.0,2580.0,2480.0,2510.0,19775600
2022-07-26,2550.0,2620.0,2550.0,2570.0,20885100
2022-07-27,2630.0,2710.0,2590.0,2650.0,38905700
2022-07-28,2680.0,2720.0,2620.0,2700.0,26593600
2022-07-29,2730.0,2760.0,2670.0,2670.0,17533400
2022-08-01,2670.0,2760.0,2670.0,2720.0,19514700
2022-08-02,2720.0,2720.0,2600.0,2660.0,19006600
2022-08-03,2660.0,2710.0,2620.0,2670.0,9929700
2022-08-04,2670.0,2680.0,2620.0,2630.0,11154600
2022-08-05,2700.0,2830.0,2650.0,2770.0,56995000
2022-08-08,2800.0,2850.0,2780.0,2800.0,28275100
2022-08-09,2830.0,2870.0,2800.0,2810.0,16657600
2022-08-10,2820.0,2910.0,2820.0,2870.0,25008100
2022-08-11,2920.0,2940.0,2860.0,2870.0,16748200
2022-08-12,2890.0,2900.0,2850.0,2890.0,12763400
2022-08-15,2900.0,2910.0,2810.0,2840.0,23501900
2022-08-16,2750.0,2770.0,2710.0,2740.0,18404300
2022-08-18,2770.0,2840.0,2750.0,2770.0,16506200
2022-08-19,2790.0,2850.0,2790.0,2820.0,11692600
2022-08-22,2840.0,2840.0,2730.0,2740.0,16477600
2022-08-23,2780.0,2870.0,2750.0,2840.0,20592700
2022-08-24,2830.0,2900.0,2820.0,2870.0,14148500
2022-08-25,2870.0,2940.0,2850.0,2870.0,19309500
2022-08-26,2870.0,2930.0,2840.0,2870.0,17276000
2022-08-29,2830.0,2930.0,2790.0,2900.0,14103900
2022-08-30,2940.0,2980.0,2880.0,2880.0,16217100
2022-08-31,2880.0,2880.0,2820.0,2870.0,8197400
2022-09-01,2870.0,2970.0,2870.0,2910.0,20205500
2022-09-02,2940.0,2970.0,2930.0,2940.0,12802500
2022-09-05,2930.0,3090.0,2920.0,3070.0,28534800
2022-09-06,3140.0,3220.0,3130.0,3190.0,37977800
2022-09-07,3180.0,3190.0,3080.0,3130.0,35060700
2022-09-08,3100.0,3120.0,3070.0,3070.0,19819900
2022-09-09,3060.0,3130.0,2970.0,3120.0,30246500
2022-09-12,3140.0,3150.0,3050.0,3080.0,16970300
2022-09-13,3070.0,3110.0,3070.0,3110.0,11810500
2022-09-14,3060.0,3100.0,3050.0,3100.0,11248700
2022-09-15,3120.0,3250.0,3120.0,3180.0,37741100
2022-09-16,3180.0,3190.0,3030.0,3070.0,26996500
2022-09-19,3070.0,3070.0,2970.0,3030.0,21903100
2022-09-20,3050.0,3080.0,2950.0,2960.0,17905600
2022-09-21,2970.0,3000.0,2900.0,2980.0,18058600
2022-09-22,2990.0,3120.0,2980.0,3110.0,29292100
2022-09-23,3100.0,3320.0,3050.0,3270.0,55983400
2022-09-26,3200.0,3270.0,3050.0,3070.0,65411200
2022-09-27,3100.0,3130.0,3020.0,3070.0,24845400
2022-09-28,3060.0,3080.0,2980.0,2980.0,22412800
2022-09-29,3020.0,3050.0,2960.0,2980.0,20079800
2022-09-30,2970.0,3020.0,2910.0,3000.0,16257600
2022-10-03,3010.0,3150.0,3010.0,3110.0,29396600
2022-10-04,3150.0,3340.0,3140.0,3320.0,50683500
2022-10-05,3320.0,3420.0,3290.0,3320.0,34498900
2022-10-06,3330.0,3420.0,3320.0,3330.0,18501900
2022-10-07,3330.0,3350.0,3280.0,3320.0,14681300
2022-10-10,3250.0,3270.0,3190.0,3200.0,17409700
2022-10-11,3190.0,3240.0,3170.0,3190.0,9971400
2022-10-12,3190.0,3270.0,3170.0,3190.0,16456100
2022-10-13,3260.0,3260.0,3150.0,3180.0,15127700
2022-10-14,3200.0,3210.0,3140.0,3150.0,11058600
2022-10-17,3150.0,3170.0,3080.0,3170.0,13097700
2022-10-18,3190.0,3210.0,3080.0,3080.0,16413300
2022-10-19,3080.0,3130.0,3050.0,3100.0,9800300
2022-10-20,3110.0,3260.0,3110.0,3260.0,23212600
2022-10-21,3260.0,3260.0,3200.0,3210.0,10492300
2022-10-24,3240.0,3240.0,3190.0,3200.0,7538300
2022-10-25,3210.0,3210.0,3110.0,3130.0,11764700
2022-10-26,3140.0,3270.0,3140.0,3240.0,13224100
2022-10-27,3260.0,3310.0,3230.0,3260.0,12303400
2022-10-28,3260.0,3290.0,3190.0,3210.0,6216100
2022-10-31,3230.0,3280.0,3200.0,3260.0,7293300
2022-11-01,3240.0,3250.0,3050.0,3060.0,26872300
2022-11-02,3070.0,3110.0,2950.0,2960.0,21822400
2022-11-03,2990.0,3040.0,2970.0,3030.0,9755500
2022-11-04,3020.0,3040.0,2960.0,2990.0,8463400
2022-11-07,2990.0,3100.0,2980.0,3090.0,11178700
2022-11-08,3030.0,3050.0,2990.0,3020.0,11136600
2022-11-09,2970.0,3000.0,2870.0,2870.0,22045100
2022-11-10,2810.0,2810.0,2670.0,2670.0,40651300
2022-11-11,2670.0,2720.0,2650.0,2690.0,21529100
2022-11-14,2700.0,2810.0,2700.0,2750.0,15040900
2022-11-15,2800.0,2830.0,2780.0,2800.0,8331800
2022-11-16,2860.0,2870.0,2790.0,2790.0,10779500
2022-11-17,2770.0,2850.0,2730.0,2800.0,8876100
2022-11-18,2830.0,2840.0,2790.0,2800.0,5270500
2022-11-21,2840.0,2880.0,2820.0,2850.0,9526900
2022-11-22,2880.0,2900.0,2830.0,2850.0,7939500
2022-11-23,2870.0,2900.0,2850.0,2850.0,6760000
2022-11-24,2870.0,2880.0,2850.0,2860.0,3821600
2022-11-25,2870.0,2870.0,2800.0,2820.0,4134100
2022-11-28,2850.0,2880.0,2830.0,2860.0,6471000
2022-11-29,2900.0,2900.0,2880.0,2890.0,11042400
2022-11-30,2900.0,2940.0,2890.0,2900.0,15655900
